algorithm,query_name,|S|,|q|,k,algorithm_distance_function,evaluation_distance_function,with_query_flag,normalized,max_div_score,max-min_div_score,avg_div_score,time_taken_(s),embedding_type
dust_base-p=1,data_mill_a.csv,2500,100,100,cosine,cosine,yes,True,,2.8818845748901367e-05,0.06791307402933812,66.08,dust
dust_base-p=1,data_mill_a.csv,2500,100,100,cosine,cosine,no,True,,0.0011326372623443604,0.09771793088753417,66.08,dust
dust_base-p=1,data_mill_a.csv,2500,100,100,cosine,cosine,mix,True,,3.999471664428711e-05,0.0833389623490564,66.08,dust
dust_base-p=1.5,data_mill_a.csv,2500,100,100,cosine,cosine,yes,True,,2.8818845748901367e-05,0.07461262243776465,68.01,dust
dust_base-p=1.5,data_mill_a.csv,2500,100,100,cosine,cosine,no,True,,0.0012913346290588379,0.10462080320475077,68.01,dust
dust_base-p=1.5,data_mill_a.csv,2500,100,100,cosine,cosine,mix,True,,0.0012913346290588379,0.09225675588268101,68.01,dust
dust_base-p=2,data_mill_a.csv,2500,100,100,cosine,cosine,yes,True,,2.8818845748901367e-05,0.07895113845589809,67.71,dust
dust_base-p=2,data_mill_a.csv,2500,100,100,cosine,cosine,no,True,,0.0011098384857177734,0.11387189963493835,67.71,dust
dust_base-p=2,data_mill_a.csv,2500,100,100,cosine,cosine,mix,True,,0.0011098384857177734,0.09803177051551416,67.71,dust
dust_base-p=2.5,data_mill_a.csv,2500,100,100,cosine,cosine,yes,True,,2.8818845748901367e-05,0.08119774542023526,67.64,dust
dust_base-p=2.5,data_mill_a.csv,2500,100,100,cosine,cosine,no,True,,0.0009476840496063232,0.11564706723892478,67.64,dust
dust_base-p=2.5,data_mill_a.csv,2500,100,100,cosine,cosine,mix,True,,0.0009476840496063232,0.1010222373108526,67.64,dust
dust_base-p=3,data_mill_a.csv,2500,100,100,cosine,cosine,yes,True,,2.8818845748901367e-05,0.08346035048197112,68.0,dust
dust_base-p=3,data_mill_a.csv,2500,100,100,cosine,cosine,no,True,,0.0009476840496063232,0.12219880098420562,68.0,dust
dust_base-p=3,data_mill_a.csv,2500,100,100,cosine,cosine,mix,True,,0.0009476840496063232,0.10403399923249432,68.0,dust
dust_base-p=3.5,data_mill_a.csv,2500,100,100,cosine,cosine,yes,True,,2.8818845748901367e-05,0.08472750546906761,68.2,dust
dust_base-p=3.5,data_mill_a.csv,2500,100,100,cosine,cosine,no,True,,0.0002956092357635498,0.12601734431103023,68.2,dust
dust_base-p=3.5,data_mill_a.csv,2500,100,100,cosine,cosine,mix,True,,0.0002956092357635498,0.10572071389759265,68.2,dust
dust_base-p=4,data_mill_a.csv,2500,100,100,cosine,cosine,yes,True,,2.8818845748901367e-05,0.08800331877942323,67.83,dust
dust_base-p=4,data_mill_a.csv,2500,100,100,cosine,cosine,no,True,,0.00045487284660339355,0.1343454455868388,67.83,dust
dust_base-p=4,data_mill_a.csv,2500,100,100,cosine,cosine,mix,True,,0.00045487284660339355,0.11008116104649411,67.83,dust
dust_base-p=4.5,data_mill_a.csv,2500,100,100,cosine,cosine,yes,True,,2.8818845748901367e-05,0.08964052791911384,68.29,dust
dust_base-p=4.5,data_mill_a.csv,2500,100,100,cosine,cosine,no,True,,0.0003934502601623535,0.13834146988223014,68.29,dust
dust_base-p=4.5,data_mill_a.csv,2500,100,100,cosine,cosine,mix,True,,0.0003934502601623535,0.11226045615551371,68.29,dust
dust_base-p=5,data_mill_a.csv,2500,100,100,cosine,cosine,yes,True,,2.8818845748901367e-05,0.09040411764356289,68.27,dust
dust_base-p=5,data_mill_a.csv,2500,100,100,cosine,cosine,no,True,,0.0003934502601623535,0.13908420708606659,68.27,dust
dust_base-p=5,data_mill_a.csv,2500,100,100,cosine,cosine,mix,True,,0.0003934502601623535,0.1132768732469208,68.27,dust
dust_base-p=1,data_mill_b.csv,2500,100,100,cosine,cosine,yes,True,,2.0951032638549805e-05,0.06883217858217877,65.74,dust
dust_base-p=1,data_mill_b.csv,2500,100,100,cosine,cosine,no,True,,0.0011253654956817627,0.10173271272307959,65.74,dust
dust_base-p=1,data_mill_b.csv,2500,100,100,cosine,cosine,mix,True,,6.29723072052002e-05,0.08489922886984548,65.74,dust
dust_base-p=1.5,data_mill_b.csv,2500,100,100,cosine,cosine,yes,True,,2.0951032638549805e-05,0.0765271661177818,66.44,dust
dust_base-p=1.5,data_mill_b.csv,2500,100,100,cosine,cosine,no,True,,0.00103074312210083,0.11174988355078368,66.44,dust
dust_base-p=1.5,data_mill_b.csv,2500,100,100,cosine,cosine,mix,True,,0.00103074312210083,0.09514205508780538,66.44,dust
dust_base-p=2,data_mill_b.csv,2500,100,100,cosine,cosine,yes,True,,2.0951032638549805e-05,0.0832257248993481,67.1,dust
dust_base-p=2,data_mill_b.csv,2500,100,100,cosine,cosine,no,True,,0.0010051429271697998,0.11654750209896722,67.1,dust
dust_base-p=2,data_mill_b.csv,2500,100,100,cosine,cosine,mix,True,,0.0010051429271697998,0.10405853132547556,67.1,dust
dust_base-p=2.5,data_mill_b.csv,2500,100,100,cosine,cosine,yes,True,,2.0951032638549805e-05,0.08379370985076477,66.89,dust
dust_base-p=2.5,data_mill_b.csv,2500,100,100,cosine,cosine,no,True,,0.0012659132480621338,0.11510399215386691,66.89,dust
dust_base-p=2.5,data_mill_b.csv,2500,100,100,cosine,cosine,mix,True,,0.0012659132480621338,0.10481457818388304,66.89,dust
dust_base-p=3,data_mill_b.csv,2500,100,100,cosine,cosine,yes,True,,2.0951032638549805e-05,0.08461905614899977,66.99,dust
dust_base-p=3,data_mill_b.csv,2500,100,100,cosine,cosine,no,True,,0.001007080078125,0.1119199548320459,66.99,dust
dust_base-p=3,data_mill_b.csv,2500,100,100,cosine,cosine,mix,True,,0.001007080078125,0.1059131996778547,66.99,dust
dust_base-p=3.5,data_mill_b.csv,2500,100,100,cosine,cosine,yes,True,,2.0951032638549805e-05,0.08446370938789315,68.32,dust
dust_base-p=3.5,data_mill_b.csv,2500,100,100,cosine,cosine,no,True,,0.001007080078125,0.11004043875424417,68.32,dust
dust_base-p=3.5,data_mill_b.csv,2500,100,100,cosine,cosine,mix,True,,0.001007080078125,0.10570641703263585,68.32,dust
dust_base-p=4,data_mill_b.csv,2500,100,100,cosine,cosine,yes,True,,2.0951032638549805e-05,0.08556320740861219,67.38,dust
dust_base-p=4,data_mill_b.csv,2500,100,100,cosine,cosine,no,True,,0.0006312727928161621,0.11122247925566772,67.38,dust
dust_base-p=4,data_mill_b.csv,2500,100,100,cosine,cosine,mix,True,,0.0006312727928161621,0.10716996289299097,67.38,dust
dust_base-p=4.5,data_mill_b.csv,2500,100,100,cosine,cosine,yes,True,,2.0951032638549805e-05,0.08679680779469831,68.11,dust
dust_base-p=4.5,data_mill_b.csv,2500,100,100,cosine,cosine,no,True,,0.0006312727928161621,0.1141200052776769,68.11,dust
dust_base-p=4.5,data_mill_b.csv,2500,100,100,cosine,cosine,mix,True,,0.0006312727928161621,0.10881201290523938,68.11,dust
dust_base-p=5,data_mill_b.csv,2500,100,100,cosine,cosine,yes,True,,2.0951032638549805e-05,0.08634918779828563,69.27,dust
dust_base-p=5,data_mill_b.csv,2500,100,100,cosine,cosine,no,True,,0.000621497631072998,0.11145010050887129,69.27,dust
dust_base-p=5,data_mill_b.csv,2500,100,100,cosine,cosine,mix,True,,0.000621497631072998,0.10821618428125193,69.27,dust
dust_base-p=1,cihr_co-applicant_a.csv,2500,100,100,cosine,cosine,yes,True,,9.003281593322754e-05,0.150185403991212,65.9,dust
dust_base-p=1,cihr_co-applicant_a.csv,2500,100,100,cosine,cosine,no,True,,0.001977890729904175,0.17190826755804903,65.9,dust
dust_base-p=1,cihr_co-applicant_a.csv,2500,100,100,cosine,cosine,mix,True,,0.00015303492546081543,0.16729329068351045,65.9,dust
dust_base-p=1.5,cihr_co-applicant_a.csv,2500,100,100,cosine,cosine,yes,True,,9.003281593322754e-05,0.17117676536937337,66.0,dust
dust_base-p=1.5,cihr_co-applicant_a.csv,2500,100,100,cosine,cosine,no,True,,0.0009270310401916504,0.18828711466260875,66.0,dust
dust_base-p=1.5,cihr_co-applicant_a.csv,2500,100,100,cosine,cosine,mix,True,,0.0009270310401916504,0.19523496903972526,66.0,dust
dust_base-p=2,cihr_co-applicant_a.csv,2500,100,100,cosine,cosine,yes,True,,9.003281593322754e-05,0.17354202607877953,67.12,dust
dust_base-p=2,cihr_co-applicant_a.csv,2500,100,100,cosine,cosine,no,True,,0.0012002289295196533,0.1773029027783989,67.12,dust
dust_base-p=2,cihr_co-applicant_a.csv,2500,100,100,cosine,cosine,mix,True,,0.0012002289295196533,0.19838337627164382,67.12,dust
dust_base-p=2.5,cihr_co-applicant_a.csv,2500,100,100,cosine,cosine,yes,True,,9.003281593322754e-05,0.17928792382171904,67.14,dust
dust_base-p=2.5,cihr_co-applicant_a.csv,2500,100,100,cosine,cosine,no,True,,0.0009159743785858154,0.1639468483796409,67.14,dust
dust_base-p=2.5,cihr_co-applicant_a.csv,2500,100,100,cosine,cosine,mix,True,,0.0009159743785858154,0.20603176189602485,67.14,dust
dust_base-p=3,cihr_co-applicant_a.csv,2500,100,100,cosine,cosine,yes,True,,9.003281593322754e-05,0.18446524208361703,67.58,dust
dust_base-p=3,cihr_co-applicant_a.csv,2500,100,100,cosine,cosine,no,True,,0.0010806620121002197,0.14375962644351548,67.58,dust
dust_base-p=3,cihr_co-applicant_a.csv,2500,100,100,cosine,cosine,mix,True,,0.0010806620121002197,0.2129233092814275,67.58,dust
dust_base-p=3.5,cihr_co-applicant_a.csv,2500,100,100,cosine,cosine,yes,True,,9.003281593322754e-05,0.18765261035626477,67.29,dust
dust_base-p=3.5,cihr_co-applicant_a.csv,2500,100,100,cosine,cosine,no,True,,0.0007113218307495117,0.13369870370575532,67.29,dust
dust_base-p=3.5,cihr_co-applicant_a.csv,2500,100,100,cosine,cosine,mix,True,,0.0007113218307495117,0.21716602691525294,67.29,dust
dust_base-p=4,cihr_co-applicant_a.csv,2500,100,100,cosine,cosine,yes,True,,9.003281593322754e-05,0.18634224192176713,68.78,dust
dust_base-p=4,cihr_co-applicant_a.csv,2500,100,100,cosine,cosine,no,True,,0.0007113218307495117,0.10567911550038109,68.78,dust
dust_base-p=4,cihr_co-applicant_a.csv,2500,100,100,cosine,cosine,mix,True,,0.0007113218307495117,0.21542179067133968,68.78,dust
dust_base-p=4.5,cihr_co-applicant_a.csv,2500,100,100,cosine,cosine,yes,True,,9.003281593322754e-05,0.1884917735316288,67.83,dust
dust_base-p=4.5,cihr_co-applicant_a.csv,2500,100,100,cosine,cosine,no,True,,0.0007113218307495117,0.10398309397019653,67.83,dust
dust_base-p=4.5,cihr_co-applicant_a.csv,2500,100,100,cosine,cosine,mix,True,,0.0007113218307495117,0.21828304010520236,67.83,dust
dust_base-p=5,cihr_co-applicant_a.csv,2500,100,100,cosine,cosine,yes,True,,9.003281593322754e-05,0.19161593742327682,68.07,dust
dust_base-p=5,cihr_co-applicant_a.csv,2500,100,100,cosine,cosine,no,True,,0.0004966855049133301,0.09242972005198644,68.07,dust
dust_base-p=5,cihr_co-applicant_a.csv,2500,100,100,cosine,cosine,mix,True,,0.0004966855049133301,0.2224416261549546,68.07,dust
dust_base-p=1,cihr_co-applicant_b.csv,2500,100,100,cosine,cosine,yes,True,,0.00015860795974731445,0.15179071010296716,65.68,dust
dust_base-p=1,cihr_co-applicant_b.csv,2500,100,100,cosine,cosine,no,True,,0.0017017722129821777,0.18182582258032604,65.68,dust
dust_base-p=1,cihr_co-applicant_b.csv,2500,100,100,cosine,cosine,mix,True,,0.00021091103553771973,0.16685713157927104,65.68,dust
dust_base-p=1.5,cihr_co-applicant_b.csv,2500,100,100,cosine,cosine,yes,True,,0.00015860795974731445,0.16008946544134817,66.07,dust
dust_base-p=1.5,cihr_co-applicant_b.csv,2500,100,100,cosine,cosine,no,True,,0.0014366507530212402,0.18472411173046124,66.07,dust
dust_base-p=1.5,cihr_co-applicant_b.csv,2500,100,100,cosine,cosine,mix,True,,0.0014366507530212402,0.17790363534072806,66.07,dust
dust_base-p=2,cihr_co-applicant_b.csv,2500,100,100,cosine,cosine,yes,True,,0.00015860795974731445,0.1689724321177276,66.52,dust
dust_base-p=2,cihr_co-applicant_b.csv,2500,100,100,cosine,cosine,no,True,,0.001493304967880249,0.19226306873259183,66.52,dust
dust_base-p=2,cihr_co-applicant_b.csv,2500,100,100,cosine,cosine,mix,True,,0.001493304967880249,0.18972778496346726,66.52,dust
dust_base-p=2.5,cihr_co-applicant_b.csv,2500,100,100,cosine,cosine,yes,True,,0.00015860795974731445,0.17487063931546387,66.59,dust
dust_base-p=2.5,cihr_co-applicant_b.csv,2500,100,100,cosine,cosine,no,True,,0.0010957121849060059,0.20145875517902878,66.59,dust
dust_base-p=2.5,cihr_co-applicant_b.csv,2500,100,100,cosine,cosine,mix,True,,0.0010957121849060059,0.19757891026346402,66.59,dust
dust_base-p=3,cihr_co-applicant_b.csv,2500,100,100,cosine,cosine,yes,True,,0.00015860795974731445,0.1834159103335828,67.07,dust
dust_base-p=3,cihr_co-applicant_b.csv,2500,100,100,cosine,cosine,no,True,,0.0010957121849060059,0.2129238690277197,67.07,dust
dust_base-p=3,cihr_co-applicant_b.csv,2500,100,100,cosine,cosine,mix,True,,0.0010957121849060059,0.208953551953134,67.07,dust
dust_base-p=3.5,cihr_co-applicant_b.csv,2500,100,100,cosine,cosine,yes,True,,0.00015860795974731445,0.18324983916482748,67.2,dust
dust_base-p=3.5,cihr_co-applicant_b.csv,2500,100,100,cosine,cosine,no,True,,0.0008011460304260254,0.20455931360616833,67.2,dust
dust_base-p=3.5,cihr_co-applicant_b.csv,2500,100,100,cosine,cosine,mix,True,,0.0008011460304260254,0.20873249400943963,67.2,dust
dust_base-p=4,cihr_co-applicant_b.csv,2500,100,100,cosine,cosine,yes,True,,0.00015860795974731445,0.1826349193899994,67.42,dust
dust_base-p=4,cihr_co-applicant_b.csv,2500,100,100,cosine,cosine,no,True,,0.0008011460304260254,0.19924271472747235,67.42,dust
dust_base-p=4,cihr_co-applicant_b.csv,2500,100,100,cosine,cosine,mix,True,,0.0008011460304260254,0.20791397203491932,67.42,dust
dust_base-p=4.5,cihr_co-applicant_b.csv,2500,100,100,cosine,cosine,yes,True,,0.00015860795974731445,0.1813914003588732,67.99,dust
dust_base-p=4.5,cihr_co-applicant_b.csv,2500,100,100,cosine,cosine,no,True,,0.0008011460304260254,0.1925316758982051,67.99,dust
dust_base-p=4.5,cihr_co-applicant_b.csv,2500,100,100,cosine,cosine,mix,True,,0.0008011460304260254,0.20625871927776804,67.99,dust
dust_base-p=5,cihr_co-applicant_b.csv,2500,100,100,cosine,cosine,yes,True,,0.00015860795974731445,0.18618067420743706,68.84,dust
dust_base-p=5,cihr_co-applicant_b.csv,2500,100,100,cosine,cosine,no,True,,0.001031249761581421,0.19731343657730824,68.84,dust
dust_base-p=5,cihr_co-applicant_b.csv,2500,100,100,cosine,cosine,mix,True,,0.001031249761581421,0.21263373931699353,68.84,dust
dust_base-p=1,ydn_spending_data_a.csv,2500,100,100,cosine,cosine,yes,True,,6.785988807678223e-05,0.14899799167308259,65.33,dust
dust_base-p=1,ydn_spending_data_a.csv,2500,100,100,cosine,cosine,no,True,,0.0013301372528076172,0.1749122430495915,65.33,dust
dust_base-p=1,ydn_spending_data_a.csv,2500,100,100,cosine,cosine,mix,True,,6.99162483215332e-05,0.15855914496257345,65.33,dust
dust_base-p=1.5,ydn_spending_data_a.csv,2500,100,100,cosine,cosine,yes,True,,6.785988807678223e-05,0.15382827187373413,65.41,dust
dust_base-p=1.5,ydn_spending_data_a.csv,2500,100,100,cosine,cosine,no,True,,0.002215564250946045,0.18095717903986988,65.41,dust
dust_base-p=1.5,ydn_spending_data_a.csv,2500,100,100,cosine,cosine,mix,True,,0.0020994246006011963,0.16498874870792235,65.41,dust
dust_base-p=2,ydn_spending_data_a.csv,2500,100,100,cosine,cosine,yes,True,,6.785988807678223e-05,0.15927562325463834,66.22,dust
dust_base-p=2,ydn_spending_data_a.csv,2500,100,100,cosine,cosine,no,True,,0.0013062655925750732,0.18775630305640986,66.22,dust
dust_base-p=2,ydn_spending_data_a.csv,2500,100,100,cosine,cosine,mix,True,,0.0013062655925750732,0.17223973817146707,66.22,dust
dust_base-p=2.5,ydn_spending_data_a.csv,2500,100,100,cosine,cosine,yes,True,,6.785988807678223e-05,0.16377138419411605,67.92,dust
dust_base-p=2.5,ydn_spending_data_a.csv,2500,100,100,cosine,cosine,no,True,,0.0015494823455810547,0.19348384880069072,67.92,dust
dust_base-p=2.5,ydn_spending_data_a.csv,2500,100,100,cosine,cosine,mix,True,,0.0015494823455810547,0.1782240620975946,67.92,dust
dust_base-p=3,ydn_spending_data_a.csv,2500,100,100,cosine,cosine,yes,True,,6.785988807678223e-05,0.16550144918181972,66.35,dust
dust_base-p=3,ydn_spending_data_a.csv,2500,100,100,cosine,cosine,no,True,,0.0014788508415222168,0.19805410289202524,66.35,dust
dust_base-p=3,ydn_spending_data_a.csv,2500,100,100,cosine,cosine,mix,True,,0.0014788508415222168,0.18052695796751453,66.35,dust
dust_base-p=3.5,ydn_spending_data_a.csv,2500,100,100,cosine,cosine,yes,True,,6.785988807678223e-05,0.16765940280385375,66.46,dust
dust_base-p=3.5,ydn_spending_data_a.csv,2500,100,100,cosine,cosine,no,True,,0.0010207593441009521,0.20073578735003147,66.46,dust
dust_base-p=3.5,ydn_spending_data_a.csv,2500,100,100,cosine,cosine,mix,True,,0.0010207593441009521,0.18339941797276382,66.46,dust
dust_base-p=4,ydn_spending_data_a.csv,2500,100,100,cosine,cosine,yes,True,,6.785988807678223e-05,0.1694888107028182,66.72,dust
dust_base-p=4,ydn_spending_data_a.csv,2500,100,100,cosine,cosine,no,True,,0.0010207593441009521,0.20403180106987207,66.72,dust
dust_base-p=4,ydn_spending_data_a.csv,2500,100,100,cosine,cosine,mix,True,,0.0010207593441009521,0.18583454955733858,66.72,dust
dust_base-p=4.5,ydn_spending_data_a.csv,2500,100,100,cosine,cosine,yes,True,,6.785988807678223e-05,0.16970826854017823,67.78,dust
dust_base-p=4.5,ydn_spending_data_a.csv,2500,100,100,cosine,cosine,no,True,,0.0010178685188293457,0.20533679835490984,67.78,dust
dust_base-p=4.5,ydn_spending_data_a.csv,2500,100,100,cosine,cosine,mix,True,,0.0010178685188293457,0.1861266706920185,67.78,dust
dust_base-p=5,ydn_spending_data_a.csv,2500,100,100,cosine,cosine,yes,True,,6.785988807678223e-05,0.16913965194383193,67.25,dust
dust_base-p=5,ydn_spending_data_a.csv,2500,100,100,cosine,cosine,no,True,,0.0009646713733673096,0.20322160888940974,67.25,dust
dust_base-p=5,ydn_spending_data_a.csv,2500,100,100,cosine,cosine,mix,True,,0.0009646713733673096,0.18536978304872143,67.25,dust
dust_base-p=1,ydn_spending_data_b.csv,2500,100,100,cosine,cosine,yes,True,,8.374452590942383e-05,0.13285145334041373,64.81,dust
dust_base-p=1,ydn_spending_data_b.csv,2500,100,100,cosine,cosine,no,True,,0.0018795430660247803,0.14092490140443922,64.81,dust
dust_base-p=1,ydn_spending_data_b.csv,2500,100,100,cosine,cosine,mix,True,,0.0001385211944580078,0.13889202327225522,64.81,dust
dust_base-p=1.5,ydn_spending_data_b.csv,2500,100,100,cosine,cosine,yes,True,,8.374452590942383e-05,0.13556838391113257,65.49,dust
dust_base-p=1.5,ydn_spending_data_b.csv,2500,100,100,cosine,cosine,no,True,,0.0019075274467468262,0.1402391334762738,65.49,dust
dust_base-p=1.5,ydn_spending_data_b.csv,2500,100,100,cosine,cosine,mix,True,,0.0019075274467468262,0.14250853955033577,65.49,dust
dust_base-p=2,ydn_spending_data_b.csv,2500,100,100,cosine,cosine,yes,True,,8.374452590942383e-05,0.13556917630148738,65.69,dust
dust_base-p=2,ydn_spending_data_b.csv,2500,100,100,cosine,cosine,no,True,,0.0009196698665618896,0.13216589991543606,65.69,dust
dust_base-p=2,ydn_spending_data_b.csv,2500,100,100,cosine,cosine,mix,True,,0.0009196698665618896,0.14250959430405222,65.69,dust
dust_base-p=2.5,ydn_spending_data_b.csv,2500,100,100,cosine,cosine,yes,True,,8.374452590942383e-05,0.13908188218516024,65.8,dust
dust_base-p=2.5,ydn_spending_data_b.csv,2500,100,100,cosine,cosine,no,True,,0.0012211799621582031,0.13397843141605575,65.8,dust
dust_base-p=2.5,ydn_spending_data_b.csv,2500,100,100,cosine,cosine,mix,True,,0.0012211799621582031,0.14718537002880738,65.8,dust
dust_base-p=3,ydn_spending_data_b.csv,2500,100,100,cosine,cosine,yes,True,,8.374452590942383e-05,0.1439267842035905,68.4,dust
dust_base-p=3,ydn_spending_data_b.csv,2500,100,100,cosine,cosine,no,True,,0.0007298886775970459,0.14051689215553007,68.4,dust
dust_base-p=3,ydn_spending_data_b.csv,2500,100,100,cosine,cosine,mix,True,,0.0007298886775970459,0.15363443692959416,68.4,dust
dust_base-p=3.5,ydn_spending_data_b.csv,2500,100,100,cosine,cosine,yes,True,,8.374452590942383e-05,0.1422756195028711,66.42,dust
dust_base-p=3.5,ydn_spending_data_b.csv,2500,100,100,cosine,cosine,no,True,,0.0007298886775970459,0.13249159682422731,66.42,dust
dust_base-p=3.5,ydn_spending_data_b.csv,2500,100,100,cosine,cosine,mix,True,,0.0007298886775970459,0.1514365655219476,66.42,dust
dust_base-p=4,ydn_spending_data_b.csv,2500,100,100,cosine,cosine,yes,True,,8.374452590942383e-05,0.143365134810223,66.91,dust
dust_base-p=4,ydn_spending_data_b.csv,2500,100,100,cosine,cosine,no,True,,0.0007298886775970459,0.12936421774603507,66.91,dust
dust_base-p=4,ydn_spending_data_b.csv,2500,100,100,cosine,cosine,mix,True,,0.0007298886775970459,0.15288682335581402,66.91,dust
dust_base-p=4.5,ydn_spending_data_b.csv,2500,100,100,cosine,cosine,yes,True,,8.374452590942383e-05,0.14346332339501042,67.05,dust
dust_base-p=4.5,ydn_spending_data_b.csv,2500,100,100,cosine,cosine,no,True,,0.0008806288242340088,0.12403647640525396,67.05,dust
dust_base-p=4.5,ydn_spending_data_b.csv,2500,100,100,cosine,cosine,mix,True,,0.0008806288242340088,0.15301752254225345,67.05,dust
dust_base-p=5,ydn_spending_data_b.csv,2500,100,100,cosine,cosine,yes,True,,8.374452590942383e-05,0.14461801632776788,67.47,dust
dust_base-p=5,ydn_spending_data_b.csv,2500,100,100,cosine,cosine,no,True,,0.0008806288242340088,0.12093469047799561,67.47,dust
dust_base-p=5,ydn_spending_data_b.csv,2500,100,100,cosine,cosine,mix,True,,0.0008806288242340088,0.1545545385530811,67.47,dust
dust_base-p=1,civic_building_locations_a.csv,2390,26,100,cosine,cosine,yes,True,,2.4706125259399414e-05,0.1330461666928438,58.59,dust
dust_base-p=1,civic_building_locations_a.csv,2390,26,100,cosine,cosine,no,True,,0.0013183653354644775,0.14251218721486636,58.59,dust
dust_base-p=1,civic_building_locations_a.csv,2390,26,100,cosine,cosine,mix,True,,4.3779611587524414e-05,0.13773985130542585,58.59,dust
dust_base-p=1.5,civic_building_locations_a.csv,2390,26,100,cosine,cosine,yes,True,,2.4706125259399414e-05,0.1438000719979191,59.8,dust
dust_base-p=1.5,civic_building_locations_a.csv,2390,26,100,cosine,cosine,no,True,,0.0010856986045837402,0.1387726457298891,59.8,dust
dust_base-p=1.5,civic_building_locations_a.csv,2390,26,100,cosine,cosine,mix,True,,0.0010856986045837402,0.1489566730640309,59.8,dust
dust_base-p=2,civic_building_locations_a.csv,2390,26,100,cosine,cosine,yes,True,,2.4706125259399414e-05,0.14144117460125644,59.84,dust
dust_base-p=2,civic_building_locations_a.csv,2390,26,100,cosine,cosine,no,True,,0.000999152660369873,0.12143991123830825,59.84,dust
dust_base-p=2,civic_building_locations_a.csv,2390,26,100,cosine,cosine,mix,True,,0.000999152660369873,0.1464962337264523,59.84,dust
dust_base-p=2.5,civic_building_locations_a.csv,2390,26,100,cosine,cosine,yes,True,,2.4706125259399414e-05,0.1369643161665678,59.93,dust
dust_base-p=2.5,civic_building_locations_a.csv,2390,26,100,cosine,cosine,no,True,,0.00095406174659729,0.10754276162807153,59.93,dust
dust_base-p=2.5,civic_building_locations_a.csv,2390,26,100,cosine,cosine,mix,True,,0.00095406174659729,0.1418266628425883,59.93,dust
dust_base-p=3,civic_building_locations_a.csv,2390,26,100,cosine,cosine,yes,True,,2.4706125259399414e-05,0.13224820349192512,60.08,dust
dust_base-p=3,civic_building_locations_a.csv,2390,26,100,cosine,cosine,no,True,,0.0009105801582336426,0.09406090779581597,60.08,dust
dust_base-p=3,civic_building_locations_a.csv,2390,26,100,cosine,cosine,mix,True,,0.0009105801582336426,0.13690753869519612,60.08,dust
dust_base-p=3.5,civic_building_locations_a.csv,2390,26,100,cosine,cosine,yes,True,,2.4706125259399414e-05,0.133421886932297,60.44,dust
dust_base-p=3.5,civic_building_locations_a.csv,2390,26,100,cosine,cosine,no,True,,0.0009105801582336426,0.09020944458285507,60.44,dust
dust_base-p=3.5,civic_building_locations_a.csv,2390,26,100,cosine,cosine,mix,True,,0.0009105801582336426,0.1381317449326701,60.44,dust
dust_base-p=4,civic_building_locations_a.csv,2390,26,100,cosine,cosine,yes,True,,2.4706125259399414e-05,0.12610590596623453,61.0,dust
dust_base-p=4,civic_building_locations_a.csv,2390,26,100,cosine,cosine,no,True,,0.0008596479892730713,0.07453125466870125,61.0,dust
dust_base-p=4,civic_building_locations_a.csv,2390,26,100,cosine,cosine,mix,True,,0.0008596479892730713,0.13050083763363143,61.0,dust
dust_base-p=4.5,civic_building_locations_a.csv,2390,26,100,cosine,cosine,yes,True,,2.4706125259399414e-05,0.12716912692089727,63.47,dust
dust_base-p=4.5,civic_building_locations_a.csv,2390,26,100,cosine,cosine,no,True,,0.0008409619331359863,0.07441662157222516,63.47,dust
dust_base-p=4.5,civic_building_locations_a.csv,2390,26,100,cosine,cosine,mix,True,,0.0008409619331359863,0.1316098263777333,63.47,dust
dust_base-p=5,civic_building_locations_a.csv,2390,26,100,cosine,cosine,yes,True,,2.4706125259399414e-05,0.12683024485730787,61.88,dust
dust_base-p=5,civic_building_locations_a.csv,2390,26,100,cosine,cosine,no,True,,0.0006551444530487061,0.07262527847403867,61.88,dust
dust_base-p=5,civic_building_locations_a.csv,2390,26,100,cosine,cosine,mix,True,,0.0006551444530487061,0.131256356675645,61.88,dust
dust_base-p=1,ipopayments_a.csv,2500,100,100,cosine,cosine,yes,True,,0.0001367032527923584,0.11587179212905256,64.8,dust
dust_base-p=1,ipopayments_a.csv,2500,100,100,cosine,cosine,no,True,,0.00162583589553833,0.14240998153598283,64.8,dust
dust_base-p=1,ipopayments_a.csv,2500,100,100,cosine,cosine,mix,True,,0.00018218159675598145,0.12495309474307227,64.8,dust
dust_base-p=1.5,ipopayments_a.csv,2500,100,100,cosine,cosine,yes,True,,0.0001367032527923584,0.12447977816238727,65.58,dust
dust_base-p=1.5,ipopayments_a.csv,2500,100,100,cosine,cosine,no,True,,0.0019727349281311035,0.15738616394265637,65.58,dust
dust_base-p=1.5,ipopayments_a.csv,2500,100,100,cosine,cosine,mix,True,,0.0019727349281311035,0.13641121662022015,65.58,dust
dust_base-p=2,ipopayments_a.csv,2500,100,100,cosine,cosine,yes,True,,0.0001367032527923584,0.12533760915885928,65.49,dust
dust_base-p=2,ipopayments_a.csv,2500,100,100,cosine,cosine,no,True,,0.0011955201625823975,0.1572821106342834,65.49,dust
dust_base-p=2,ipopayments_a.csv,2500,100,100,cosine,cosine,mix,True,,0.0011955201625823975,0.13755307861552402,65.49,dust
dust_base-p=2.5,ipopayments_a.csv,2500,100,100,cosine,cosine,yes,True,,0.0001367032527923584,0.1336115797556499,65.47,dust
dust_base-p=2.5,ipopayments_a.csv,2500,100,100,cosine,cosine,no,True,,0.0011955201625823975,0.172234521050834,65.47,dust
dust_base-p=2.5,ipopayments_a.csv,2500,100,100,cosine,cosine,mix,True,,0.0011955201625823975,0.14856659131626876,65.47,dust
dust_base-p=3,ipopayments_a.csv,2500,100,100,cosine,cosine,yes,True,,0.0001367032527923584,0.13135698757671996,65.84,dust
dust_base-p=3,ipopayments_a.csv,2500,100,100,cosine,cosine,no,True,,0.0006049275398254395,0.16611328394575553,65.84,dust
dust_base-p=3,ipopayments_a.csv,2500,100,100,cosine,cosine,mix,True,,0.0006049275398254395,0.1455654953724088,65.84,dust
dust_base-p=3.5,ipopayments_a.csv,2500,100,100,cosine,cosine,yes,True,,0.0001367032527923584,0.13377715629296236,66.23,dust
dust_base-p=3.5,ipopayments_a.csv,2500,100,100,cosine,cosine,no,True,,0.0010400116443634033,0.1667851734179045,66.23,dust
dust_base-p=3.5,ipopayments_a.csv,2500,100,100,cosine,cosine,mix,True,,0.0010400116443634033,0.1487869908542298,66.23,dust
dust_base-p=4,ipopayments_a.csv,2500,100,100,cosine,cosine,yes,True,,0.0001367032527923584,0.13828544113143082,66.25,dust
dust_base-p=4,ipopayments_a.csv,2500,100,100,cosine,cosine,no,True,,0.0010400116443634033,0.17682740891091536,66.25,dust
dust_base-p=4,ipopayments_a.csv,2500,100,100,cosine,cosine,mix,True,,0.0010400116443634033,0.15478798538837843,66.25,dust
dust_base-p=4.5,ipopayments_a.csv,2500,100,100,cosine,cosine,yes,True,,0.0001367032527923584,0.13534625189010308,66.87,dust
dust_base-p=4.5,ipopayments_a.csv,2500,100,100,cosine,cosine,no,True,,0.0010400116443634033,0.16855269737628692,66.87,dust
dust_base-p=4.5,ipopayments_a.csv,2500,100,100,cosine,cosine,mix,True,,0.0010400116443634033,0.1508756197761763,66.87,dust
dust_base-p=5,ipopayments_a.csv,2500,100,100,cosine,cosine,yes,True,,0.0001367032527923584,0.13737231234260824,67.52,dust
dust_base-p=5,ipopayments_a.csv,2500,100,100,cosine,cosine,no,True,,0.0010400116443634033,0.1682124287716461,67.52,dust
dust_base-p=5,ipopayments_a.csv,2500,100,100,cosine,cosine,mix,True,,0.0010400116443634033,0.15357251629824004,67.52,dust
dust_base-p=1,ipopayments_b.csv,2500,100,100,cosine,cosine,yes,True,,2.893805503845215e-05,0.12209733560610082,64.58,dust
dust_base-p=1,ipopayments_b.csv,2500,100,100,cosine,cosine,no,True,,0.0017884373664855957,0.14564023102963353,64.58,dust
dust_base-p=1,ipopayments_b.csv,2500,100,100,cosine,cosine,mix,True,,0.000172346830368042,0.1327339580177148,64.58,dust
dust_base-p=1.5,ipopayments_b.csv,2500,100,100,cosine,cosine,yes,True,,2.893805503845215e-05,0.1312256509461422,64.98,dust
dust_base-p=1.5,ipopayments_b.csv,2500,100,100,cosine,cosine,no,True,,0.0008372664451599121,0.1614952347070526,64.98,dust
dust_base-p=1.5,ipopayments_b.csv,2500,100,100,cosine,cosine,mix,True,,0.0008372664451599121,0.14488469214927485,64.98,dust
dust_base-p=2,ipopayments_b.csv,2500,100,100,cosine,cosine,yes,True,,2.893805503845215e-05,0.13837218386581893,65.68,dust
dust_base-p=2,ipopayments_b.csv,2500,100,100,cosine,cosine,no,True,,0.0008372664451599121,0.16375597157143262,65.68,dust
dust_base-p=2,ipopayments_b.csv,2500,100,100,cosine,cosine,mix,True,,0.0008372664451599121,0.15439746841024926,65.68,dust
dust_base-p=2.5,ipopayments_b.csv,2500,100,100,cosine,cosine,yes,True,,2.893805503845215e-05,0.14211978664619188,65.0,dust
dust_base-p=2.5,ipopayments_b.csv,2500,100,100,cosine,cosine,no,True,,0.0008372664451599121,0.17076192009224375,65.0,dust
dust_base-p=2.5,ipopayments_b.csv,2500,100,100,cosine,cosine,mix,True,,0.0008372664451599121,0.1593859162583711,65.0,dust
dust_base-p=3,ipopayments_b.csv,2500,100,100,cosine,cosine,yes,True,,2.893805503845215e-05,0.14708632289887943,66.46,dust
dust_base-p=3,ipopayments_b.csv,2500,100,100,cosine,cosine,no,True,,0.0008372664451599121,0.1766475079930483,66.46,dust
dust_base-p=3,ipopayments_b.csv,2500,100,100,cosine,cosine,mix,True,,0.0008372664451599121,0.16599689093586156,66.46,dust
dust_base-p=3.5,ipopayments_b.csv,2500,100,100,cosine,cosine,yes,True,,2.893805503845215e-05,0.14881968966198753,69.06,dust
dust_base-p=3.5,ipopayments_b.csv,2500,100,100,cosine,cosine,no,True,,0.0008372664451599121,0.17919505497088878,69.06,dust
dust_base-p=3.5,ipopayments_b.csv,2500,100,100,cosine,cosine,mix,True,,0.0008372664451599121,0.16830418181116932,69.06,dust
dust_base-p=4,ipopayments_b.csv,2500,100,100,cosine,cosine,yes,True,,2.893805503845215e-05,0.15082906253782957,66.78,dust
dust_base-p=4,ipopayments_b.csv,2500,100,100,cosine,cosine,no,True,,0.0012515783309936523,0.1826005499812663,66.78,dust
dust_base-p=4,ipopayments_b.csv,2500,100,100,cosine,cosine,mix,True,,0.0012515783309936523,0.17097886543854435,66.78,dust
dust_base-p=4.5,ipopayments_b.csv,2500,100,100,cosine,cosine,yes,True,,2.893805503845215e-05,0.1506971176542967,66.78,dust
dust_base-p=4.5,ipopayments_b.csv,2500,100,100,cosine,cosine,no,True,,0.0013267993927001953,0.1817610722910379,66.78,dust
dust_base-p=4.5,ipopayments_b.csv,2500,100,100,cosine,cosine,mix,True,,0.0013267993927001953,0.17080323311865778,66.78,dust
dust_base-p=5,ipopayments_b.csv,2500,100,100,cosine,cosine,yes,True,,2.893805503845215e-05,0.15106587250315326,67.64,dust
dust_base-p=5,ipopayments_b.csv,2500,100,100,cosine,cosine,no,True,,0.0013267993927001953,0.18210037100894128,67.64,dust
dust_base-p=5,ipopayments_b.csv,2500,100,100,cosine,cosine,mix,True,,0.0013267993927001953,0.17129408405459395,67.64,dust
dust_base-p=1,oil_and_gas_summary_production_data_1967_1999_a.csv,2500,100,100,cosine,cosine,yes,True,,8.985400199890137e-05,0.12957304603987613,64.39,dust
dust_base-p=1,oil_and_gas_summary_production_data_1967_1999_a.csv,2500,100,100,cosine,cosine,no,True,,0.0010234415531158447,0.14155825194537008,64.39,dust
dust_base-p=1,oil_and_gas_summary_production_data_1967_1999_a.csv,2500,100,100,cosine,cosine,mix,True,,9.885430335998535e-05,0.1371329577876029,64.39,dust
dust_base-p=1.5,oil_and_gas_summary_production_data_1967_1999_a.csv,2500,100,100,cosine,cosine,yes,True,,8.985400199890137e-05,0.13207448582023373,64.91,dust
dust_base-p=1.5,oil_and_gas_summary_production_data_1967_1999_a.csv,2500,100,100,cosine,cosine,no,True,,0.0010403990745544434,0.1430662503388907,64.91,dust
dust_base-p=1.5,oil_and_gas_summary_production_data_1967_1999_a.csv,2500,100,100,cosine,cosine,mix,True,,0.0010403990745544434,0.14046263348185817,64.91,dust
dust_base-p=2,oil_and_gas_summary_production_data_1967_1999_a.csv,2500,100,100,cosine,cosine,yes,True,,8.985400199890137e-05,0.13363143971665298,65.37,dust
dust_base-p=2,oil_and_gas_summary_production_data_1967_1999_a.csv,2500,100,100,cosine,cosine,no,True,,0.0010403990745544434,0.13908298467932684,65.37,dust
dust_base-p=2,oil_and_gas_summary_production_data_1967_1999_a.csv,2500,100,100,cosine,cosine,mix,True,,0.0010403990745544434,0.14253510054130586,65.37,dust
dust_base-p=2.5,oil_and_gas_summary_production_data_1967_1999_a.csv,2500,100,100,cosine,cosine,yes,True,,8.985400199890137e-05,0.13284945960673342,65.71,dust
dust_base-p=2.5,oil_and_gas_summary_production_data_1967_1999_a.csv,2500,100,100,cosine,cosine,no,True,,0.0007320642471313477,0.14038353703482162,65.71,dust
dust_base-p=2.5,oil_and_gas_summary_production_data_1967_1999_a.csv,2500,100,100,cosine,cosine,mix,True,,0.0007320642471313477,0.141494203940142,65.71,dust
dust_base-p=3,oil_and_gas_summary_production_data_1967_1999_a.csv,2500,100,100,cosine,cosine,yes,True,,8.985400199890137e-05,0.13298013804573028,66.02,dust
dust_base-p=3,oil_and_gas_summary_production_data_1967_1999_a.csv,2500,100,100,cosine,cosine,no,True,,0.0007320642471313477,0.1382583006739621,66.02,dust
dust_base-p=3,oil_and_gas_summary_production_data_1967_1999_a.csv,2500,100,100,cosine,cosine,mix,True,,0.0007320642471313477,0.14166815049104756,66.02,dust
dust_base-p=3.5,oil_and_gas_summary_production_data_1967_1999_a.csv,2500,100,100,cosine,cosine,yes,True,,8.985400199890137e-05,0.13222655903612518,65.56,dust
dust_base-p=3.5,oil_and_gas_summary_production_data_1967_1999_a.csv,2500,100,100,cosine,cosine,no,True,,0.00047206878662109375,0.13747179624926759,65.56,dust
dust_base-p=3.5,oil_and_gas_summary_production_data_1967_1999_a.csv,2500,100,100,cosine,cosine,mix,True,,0.00047206878662109375,0.14066505869899792,65.56,dust
dust_base-p=4,oil_and_gas_summary_production_data_1967_1999_a.csv,2500,100,100,cosine,cosine,yes,True,,8.985400199890137e-05,0.13418784716062299,66.32,dust
dust_base-p=4,oil_and_gas_summary_production_data_1967_1999_a.csv,2500,100,100,cosine,cosine,no,True,,0.0004532337188720703,0.13846974732086176,66.32,dust
dust_base-p=4,oil_and_gas_summary_production_data_1967_1999_a.csv,2500,100,100,cosine,cosine,mix,True,,0.0004532337188720703,0.14327573653695821,66.32,dust
dust_base-p=4.5,oil_and_gas_summary_production_data_1967_1999_a.csv,2500,100,100,cosine,cosine,yes,True,,8.985400199890137e-05,0.13645826935914324,67.08,dust
dust_base-p=4.5,oil_and_gas_summary_production_data_1967_1999_a.csv,2500,100,100,cosine,cosine,no,True,,0.0004532337188720703,0.14058020619708442,67.08,dust
dust_base-p=4.5,oil_and_gas_summary_production_data_1967_1999_a.csv,2500,100,100,cosine,cosine,mix,True,,0.0004532337188720703,0.14629790387813235,67.08,dust
dust_base-p=5,oil_and_gas_summary_production_data_1967_1999_a.csv,2500,100,100,cosine,cosine,yes,True,,8.985400199890137e-05,0.1379583077072324,67.94,dust
dust_base-p=5,oil_and_gas_summary_production_data_1967_1999_a.csv,2500,100,100,cosine,cosine,no,True,,0.0004532337188720703,0.14439749964705734,67.94,dust
dust_base-p=5,oil_and_gas_summary_production_data_1967_1999_a.csv,2500,100,100,cosine,cosine,mix,True,,0.0004532337188720703,0.14829461044180958,67.94,dust
dust_base-p=1,deaths_2012_2018_a.csv,2500,100,100,cosine,cosine,yes,True,,9.638071060180664e-05,0.09988800449505313,64.68,dust
dust_base-p=1,deaths_2012_2018_a.csv,2500,100,100,cosine,cosine,no,True,,0.0009843707084655762,0.12807892285141273,64.68,dust
dust_base-p=1,deaths_2012_2018_a.csv,2500,100,100,cosine,cosine,mix,True,,0.0001556873321533203,0.11084687608630879,64.68,dust
dust_base-p=1.5,deaths_2012_2018_a.csv,2500,100,100,cosine,cosine,yes,True,,9.638071060180664e-05,0.10640370784905588,65.27,dust
dust_base-p=1.5,deaths_2012_2018_a.csv,2500,100,100,cosine,cosine,no,True,,0.0007804334163665771,0.13873139365336026,65.27,dust
dust_base-p=1.5,deaths_2012_2018_a.csv,2500,100,100,cosine,cosine,mix,True,,0.0007804334163665771,0.11951995279163688,65.27,dust
dust_base-p=2,deaths_2012_2018_a.csv,2500,100,100,cosine,cosine,yes,True,,9.638071060180664e-05,0.11100625661210624,65.72,dust
dust_base-p=2,deaths_2012_2018_a.csv,2500,100,100,cosine,cosine,no,True,,0.0006151199340820312,0.14659157063550082,65.72,dust
dust_base-p=2,deaths_2012_2018_a.csv,2500,100,100,cosine,cosine,mix,True,,0.0006151199340820312,0.12564642238258683,65.72,dust
dust_base-p=2.5,deaths_2012_2018_a.csv,2500,100,100,cosine,cosine,yes,True,,9.638071060180664e-05,0.11493879321167322,66.24,dust
dust_base-p=2.5,deaths_2012_2018_a.csv,2500,100,100,cosine,cosine,no,True,,0.0003077089786529541,0.15235605555638404,66.24,dust
dust_base-p=2.5,deaths_2012_2018_a.csv,2500,100,100,cosine,cosine,mix,True,,0.0003077089786529541,0.1308810363177964,66.24,dust
dust_base-p=3,deaths_2012_2018_a.csv,2500,100,100,cosine,cosine,yes,True,,9.638071060180664e-05,0.11283747662311076,66.71,dust
dust_base-p=3,deaths_2012_2018_a.csv,2500,100,100,cosine,cosine,no,True,,0.0003077089786529541,0.14566235833205435,66.71,dust
dust_base-p=3,deaths_2012_2018_a.csv,2500,100,100,cosine,cosine,mix,True,,0.0003077089786529541,0.1280839660761648,66.71,dust
dust_base-p=3.5,deaths_2012_2018_a.csv,2500,100,100,cosine,cosine,yes,True,,9.638071060180664e-05,0.11303951800746967,66.16,dust
dust_base-p=3.5,deaths_2012_2018_a.csv,2500,100,100,cosine,cosine,no,True,,0.0002663135528564453,0.1402497096297965,66.16,dust
dust_base-p=3.5,deaths_2012_2018_a.csv,2500,100,100,cosine,cosine,mix,True,,0.0002663135528564453,0.12835290410618097,66.16,dust
dust_base-p=4,deaths_2012_2018_a.csv,2500,100,100,cosine,cosine,yes,True,,9.638071060180664e-05,0.1129189651897841,71.3,dust
dust_base-p=4,deaths_2012_2018_a.csv,2500,100,100,cosine,cosine,no,True,,0.00021955370903015137,0.13496987127057497,71.3,dust
dust_base-p=4,deaths_2012_2018_a.csv,2500,100,100,cosine,cosine,mix,True,,0.00021955370903015137,0.1281924358070544,71.3,dust
dust_base-p=4.5,deaths_2012_2018_a.csv,2500,100,100,cosine,cosine,yes,True,,9.638071060180664e-05,0.11126552492410563,67.25,dust
dust_base-p=4.5,deaths_2012_2018_a.csv,2500,100,100,cosine,cosine,no,True,,0.00021955370903015137,0.12701068386138004,67.25,dust
dust_base-p=4.5,deaths_2012_2018_a.csv,2500,100,100,cosine,cosine,mix,True,,0.00021955370903015137,0.12599153538651914,67.25,dust
dust_base-p=5,deaths_2012_2018_a.csv,2500,100,100,cosine,cosine,yes,True,,9.638071060180664e-05,0.11111378784086476,67.22,dust
dust_base-p=5,deaths_2012_2018_a.csv,2500,100,100,cosine,cosine,no,True,,0.00016707181930541992,0.11844726526383323,67.22,dust
dust_base-p=5,deaths_2012_2018_a.csv,2500,100,100,cosine,cosine,mix,True,,0.00016707181930541992,0.12578955759678717,67.22,dust
dust_base-p=1,albums_a.csv,2500,100,100,cosine,cosine,yes,True,,2.6851892471313477e-05,0.04768052898440978,64.58,dust
dust_base-p=1,albums_a.csv,2500,100,100,cosine,cosine,no,True,,0.00022912025451660156,0.058693230926538956,64.58,dust
dust_base-p=1,albums_a.csv,2500,100,100,cosine,cosine,mix,True,,7.620453834533691e-05,0.05146887497932815,64.58,dust
dust_base-p=1.5,albums_a.csv,2500,100,100,cosine,cosine,yes,True,,2.6851892471313477e-05,0.04950495889869018,65.38,dust
dust_base-p=1.5,albums_a.csv,2500,100,100,cosine,cosine,no,True,,0.0002377927303314209,0.06147033977162356,65.38,dust
dust_base-p=1.5,albums_a.csv,2500,100,100,cosine,cosine,mix,True,,0.0002377927303314209,0.053897380350176306,65.38,dust
dust_base-p=2,albums_a.csv,2500,100,100,cosine,cosine,yes,True,,2.6851892471313477e-05,0.05084855055932573,65.15,dust
dust_base-p=2,albums_a.csv,2500,100,100,cosine,cosine,no,True,,0.0002377927303314209,0.0625352083665855,65.15,dust
dust_base-p=2,albums_a.csv,2500,100,100,cosine,cosine,mix,True,,0.0002377927303314209,0.05568584015262765,65.15,dust
dust_base-p=2.5,albums_a.csv,2500,100,100,cosine,cosine,yes,True,,2.6851892471313477e-05,0.051653374574479445,65.53,dust
dust_base-p=2.5,albums_a.csv,2500,100,100,cosine,cosine,no,True,,0.0002269744873046875,0.0630879289777291,65.53,dust
dust_base-p=2.5,albums_a.csv,2500,100,100,cosine,cosine,mix,True,,0.0002269744873046875,0.05675714436008978,65.53,dust
dust_base-p=3,albums_a.csv,2500,100,100,cosine,cosine,yes,True,,2.6851892471313477e-05,0.05170027158012492,66.07,dust
dust_base-p=3,albums_a.csv,2500,100,100,cosine,cosine,no,True,,0.00018218159675598145,0.060989905977339456,66.07,dust
dust_base-p=3,albums_a.csv,2500,100,100,cosine,cosine,mix,True,,0.00018218159675598145,0.05681956913683526,66.07,dust
dust_base-p=3.5,albums_a.csv,2500,100,100,cosine,cosine,yes,True,,2.6851892471313477e-05,0.052726094658912426,66.28,dust
dust_base-p=3.5,albums_a.csv,2500,100,100,cosine,cosine,no,True,,0.00020837783813476562,0.062226811211669085,66.28,dust
dust_base-p=3.5,albums_a.csv,2500,100,100,cosine,cosine,mix,True,,0.00020837783813476562,0.05818504601094037,66.28,dust
dust_base-p=4,albums_a.csv,2500,100,100,cosine,cosine,yes,True,,2.6851892471313477e-05,0.05311597681356285,66.55,dust
dust_base-p=4,albums_a.csv,2500,100,100,cosine,cosine,no,True,,0.00013971328735351562,0.06251937972852076,66.55,dust
dust_base-p=4,albums_a.csv,2500,100,100,cosine,cosine,mix,True,,0.00013971328735351562,0.058704019581344614,66.55,dust
dust_base-p=4.5,albums_a.csv,2500,100,100,cosine,cosine,yes,True,,2.6851892471313477e-05,0.05378603295783452,66.52,dust
dust_base-p=4.5,albums_a.csv,2500,100,100,cosine,cosine,no,True,,6.315112113952637e-05,0.06340078858639857,66.52,dust
dust_base-p=4.5,albums_a.csv,2500,100,100,cosine,cosine,mix,True,,6.315112113952637e-05,0.05959593378007412,66.52,dust
dust_base-p=5,albums_a.csv,2500,100,100,cosine,cosine,yes,True,,2.6851892471313477e-05,0.0541845317156845,67.13,dust
dust_base-p=5,albums_a.csv,2500,100,100,cosine,cosine,no,True,,0.00014919042587280273,0.06327531357530994,67.13,dust
dust_base-p=5,albums_a.csv,2500,100,100,cosine,cosine,mix,True,,0.00014919042587280273,0.06012637694269718,67.13,dust
dust_base-p=1,albums_b.csv,2500,100,100,cosine,cosine,yes,True,,2.396106719970703e-05,0.054165222160510125,64.24,dust
dust_base-p=1,albums_b.csv,2500,100,100,cosine,cosine,no,True,,0.00046437978744506836,0.06977489911591002,64.24,dust
dust_base-p=1,albums_b.csv,2500,100,100,cosine,cosine,mix,True,,3.483891487121582e-05,0.06897249568190389,64.24,dust
dust_base-p=1.5,albums_b.csv,2500,100,100,cosine,cosine,yes,True,,2.396106719970703e-05,0.060706183340113955,64.78,dust
dust_base-p=1.5,albums_b.csv,2500,100,100,cosine,cosine,no,True,,0.0003815889358520508,0.06766922173280483,64.78,dust
dust_base-p=1.5,albums_b.csv,2500,100,100,cosine,cosine,mix,True,,0.0003815889358520508,0.07767919317181132,64.78,dust
dust_base-p=2,albums_b.csv,2500,100,100,cosine,cosine,yes,True,,2.396106719970703e-05,0.06040002360467664,65.72,dust
dust_base-p=2,albums_b.csv,2500,100,100,cosine,cosine,no,True,,0.00035321712493896484,0.06592335629222545,65.72,dust
dust_base-p=2,albums_b.csv,2500,100,100,cosine,cosine,mix,True,,0.00035321712493896484,0.07727166282163056,65.72,dust
dust_base-p=2.5,albums_b.csv,2500,100,100,cosine,cosine,yes,True,,2.396106719970703e-05,0.06163022614646151,65.96,dust
dust_base-p=2.5,albums_b.csv,2500,100,100,cosine,cosine,no,True,,0.0004773736000061035,0.06689965193764003,65.96,dust
dust_base-p=2.5,albums_b.csv,2500,100,100,cosine,cosine,mix,True,,0.0004773736000061035,0.07890918995082914,65.96,dust
dust_base-p=3,albums_b.csv,2500,100,100,cosine,cosine,yes,True,,2.396106719970703e-05,0.061314470311724045,65.99,dust
dust_base-p=3,albums_b.csv,2500,100,100,cosine,cosine,no,True,,0.0004773736000061035,0.06580631731014236,65.99,dust
dust_base-p=3,albums_b.csv,2500,100,100,cosine,cosine,mix,True,,0.0004773736000061035,0.07848888619756657,65.99,dust
dust_base-p=3.5,albums_b.csv,2500,100,100,cosine,cosine,yes,True,,2.396106719970703e-05,0.06166267863634272,66.2,dust
dust_base-p=3.5,albums_b.csv,2500,100,100,cosine,cosine,no,True,,0.0004773736000061035,0.06376153012448063,66.2,dust
dust_base-p=3.5,albums_b.csv,2500,100,100,cosine,cosine,mix,True,,0.0004773736000061035,0.07895238757950046,66.2,dust
dust_base-p=4,albums_b.csv,2500,100,100,cosine,cosine,yes,True,,2.396106719970703e-05,0.061688453916548175,66.52,dust
dust_base-p=4,albums_b.csv,2500,100,100,cosine,cosine,no,True,,0.0004519820213317871,0.06463157913781352,66.52,dust
dust_base-p=4,albums_b.csv,2500,100,100,cosine,cosine,mix,True,,0.0004519820213317871,0.07898669714980738,66.52,dust
dust_base-p=4.5,albums_b.csv,2500,100,100,cosine,cosine,yes,True,,2.396106719970703e-05,0.06221834568180809,67.11,dust
dust_base-p=4.5,albums_b.csv,2500,100,100,cosine,cosine,no,True,,0.0004073977470397949,0.06550466031242677,67.11,dust
dust_base-p=4.5,albums_b.csv,2500,100,100,cosine,cosine,mix,True,,0.0004073977470397949,0.07969203802797944,67.11,dust
dust_base-p=5,albums_b.csv,2500,100,100,cosine,cosine,yes,True,,2.396106719970703e-05,0.06213802335704645,67.05,dust
dust_base-p=5,albums_b.csv,2500,100,100,cosine,cosine,no,True,,0.00033912062644958496,0.06674258759219112,67.05,dust
dust_base-p=5,albums_b.csv,2500,100,100,cosine,cosine,mix,True,,0.00033912062644958496,0.07958512068598902,67.05,dust
dust_base-p=1,animal_tag_data_a.csv,2500,100,100,cosine,cosine,yes,True,,6.330013275146484e-05,0.08516795506654073,64.75,dust
dust_base-p=1,animal_tag_data_a.csv,2500,100,100,cosine,cosine,no,True,,0.0010676681995391846,0.09696338792063408,64.75,dust
dust_base-p=1,animal_tag_data_a.csv,2500,100,100,cosine,cosine,mix,True,,0.000110626220703125,0.09354225851056543,64.75,dust
dust_base-p=1.5,animal_tag_data_a.csv,2500,100,100,cosine,cosine,yes,True,,6.330013275146484e-05,0.09476657948398204,65.49,dust
dust_base-p=1.5,animal_tag_data_a.csv,2500,100,100,cosine,cosine,no,True,,0.000876009464263916,0.10569521905064132,65.49,dust
dust_base-p=1.5,animal_tag_data_a.csv,2500,100,100,cosine,cosine,mix,True,,0.000876009464263916,0.10631902278528664,65.49,dust
dust_base-p=2,animal_tag_data_a.csv,2500,100,100,cosine,cosine,yes,True,,6.330013275146484e-05,0.09424708431015662,65.9,dust
dust_base-p=2,animal_tag_data_a.csv,2500,100,100,cosine,cosine,no,True,,0.000876009464263916,0.10470415629832205,65.9,dust
dust_base-p=2,animal_tag_data_a.csv,2500,100,100,cosine,cosine,mix,True,,0.000876009464263916,0.10562752084822136,65.9,dust
dust_base-p=2.5,animal_tag_data_a.csv,2500,100,100,cosine,cosine,yes,True,,6.330013275146484e-05,0.09856854172226921,70.31,dust
dust_base-p=2.5,animal_tag_data_a.csv,2500,100,100,cosine,cosine,no,True,,0.000876009464263916,0.10993328020211798,70.31,dust
dust_base-p=2.5,animal_tag_data_a.csv,2500,100,100,cosine,cosine,mix,True,,0.000876009464263916,0.11137982870782275,70.31,dust
dust_base-p=3,animal_tag_data_a.csv,2500,100,100,cosine,cosine,yes,True,,6.330013275146484e-05,0.10062379355846562,65.88,dust
dust_base-p=3,animal_tag_data_a.csv,2500,100,100,cosine,cosine,no,True,,0.0005291998386383057,0.10847286991332893,65.88,dust
dust_base-p=3,animal_tag_data_a.csv,2500,100,100,cosine,cosine,mix,True,,0.0005291998386383057,0.11411558198811093,65.88,dust
dust_base-p=3.5,animal_tag_data_a.csv,2500,100,100,cosine,cosine,yes,True,,6.330013275146484e-05,0.09970564877223598,67.08,dust
dust_base-p=3.5,animal_tag_data_a.csv,2500,100,100,cosine,cosine,no,True,,0.0005574524402618408,0.10535881299930014,67.08,dust
dust_base-p=3.5,animal_tag_data_a.csv,2500,100,100,cosine,cosine,mix,True,,0.0005574524402618408,0.11289343608537047,67.08,dust
dust_base-p=4,animal_tag_data_a.csv,2500,100,100,cosine,cosine,yes,True,,6.330013275146484e-05,0.10291703064081226,66.81,dust
dust_base-p=4,animal_tag_data_a.csv,2500,100,100,cosine,cosine,no,True,,0.0005574524402618408,0.10903045635698645,66.81,dust
dust_base-p=4,animal_tag_data_a.csv,2500,100,100,cosine,cosine,mix,True,,0.0005574524402618408,0.11716811830508071,66.81,dust
dust_base-p=4.5,animal_tag_data_a.csv,2500,100,100,cosine,cosine,yes,True,,6.330013275146484e-05,0.1048853296154979,67.04,dust
dust_base-p=4.5,animal_tag_data_a.csv,2500,100,100,cosine,cosine,no,True,,0.000531315803527832,0.1093733574742583,67.04,dust
dust_base-p=4.5,animal_tag_data_a.csv,2500,100,100,cosine,cosine,mix,True,,0.000531315803527832,0.11978812831151844,67.04,dust
dust_base-p=5,animal_tag_data_a.csv,2500,100,100,cosine,cosine,yes,True,,6.330013275146484e-05,0.10304476303149052,67.99,dust
dust_base-p=5,animal_tag_data_a.csv,2500,100,100,cosine,cosine,no,True,,0.000371396541595459,0.10741384740279178,67.99,dust
dust_base-p=5,animal_tag_data_a.csv,2500,100,100,cosine,cosine,mix,True,,0.000371396541595459,0.11733814336023103,67.99,dust
dust_base-p=1,animal_tag_data_b.csv,2500,100,100,cosine,cosine,yes,True,,5.1409006118774414e-05,0.09731157192642068,64.39,dust
dust_base-p=1,animal_tag_data_b.csv,2500,100,100,cosine,cosine,no,True,,0.0014654994010925293,0.11250304215180516,64.39,dust
dust_base-p=1,animal_tag_data_b.csv,2500,100,100,cosine,cosine,mix,True,,0.0002735257148742676,0.1127453548746504,64.39,dust
dust_base-p=1.5,animal_tag_data_b.csv,2500,100,100,cosine,cosine,yes,True,,5.1409006118774414e-05,0.10200694196119825,65.79,dust
dust_base-p=1.5,animal_tag_data_b.csv,2500,100,100,cosine,cosine,no,True,,0.0006306767463684082,0.11090006695613454,65.79,dust
dust_base-p=1.5,animal_tag_data_b.csv,2500,100,100,cosine,cosine,mix,True,,0.0006306767463684082,0.1189953792018794,65.79,dust
dust_base-p=2,animal_tag_data_b.csv,2500,100,100,cosine,cosine,yes,True,,5.1409006118774414e-05,0.10669650424075847,65.52,dust
dust_base-p=2,animal_tag_data_b.csv,2500,100,100,cosine,cosine,no,True,,0.0005706250667572021,0.1119500517931701,65.52,dust
dust_base-p=2,animal_tag_data_b.csv,2500,100,100,cosine,cosine,mix,True,,0.0005706250667572021,0.12523767280477227,65.52,dust
dust_base-p=2.5,animal_tag_data_b.csv,2500,100,100,cosine,cosine,yes,True,,5.1409006118774414e-05,0.10826646001874375,65.89,dust
dust_base-p=2.5,animal_tag_data_b.csv,2500,100,100,cosine,cosine,no,True,,0.0005706250667572021,0.10628416436658514,65.89,dust
dust_base-p=2.5,animal_tag_data_b.csv,2500,100,100,cosine,cosine,mix,True,,0.0005706250667572021,0.12732744671660554,65.89,dust
dust_base-p=3,animal_tag_data_b.csv,2500,100,100,cosine,cosine,yes,True,,5.1409006118774414e-05,0.10869488022122274,66.07,dust
dust_base-p=3,animal_tag_data_b.csv,2500,100,100,cosine,cosine,no,True,,0.0005023479461669922,0.10191362100813274,66.07,dust
dust_base-p=3,animal_tag_data_b.csv,2500,100,100,cosine,cosine,mix,True,,0.0005023479461669922,0.12789771842425315,66.07,dust
dust_base-p=3.5,animal_tag_data_b.csv,2500,100,100,cosine,cosine,yes,True,,5.1409006118774414e-05,0.1076547751278586,66.26,dust
dust_base-p=3.5,animal_tag_data_b.csv,2500,100,100,cosine,cosine,no,True,,0.0005023479461669922,0.09793634977398648,66.26,dust
dust_base-p=3.5,animal_tag_data_b.csv,2500,100,100,cosine,cosine,mix,True,,0.0005023479461669922,0.12651323070800255,66.26,dust
dust_base-p=4,animal_tag_data_b.csv,2500,100,100,cosine,cosine,yes,True,,5.1409006118774414e-05,0.10483969313860637,66.85,dust
dust_base-p=4,animal_tag_data_b.csv,2500,100,100,cosine,cosine,no,True,,0.0005023479461669922,0.09043857043872428,66.85,dust
dust_base-p=4,animal_tag_data_b.csv,2500,100,100,cosine,cosine,mix,True,,0.0005023479461669922,0.12276606471561997,66.85,dust
dust_base-p=4.5,animal_tag_data_b.csv,2500,100,100,cosine,cosine,yes,True,,5.1409006118774414e-05,0.1039137280825584,67.27,dust
dust_base-p=4.5,animal_tag_data_b.csv,2500,100,100,cosine,cosine,no,True,,0.0005023479461669922,0.08640696467003889,67.27,dust
dust_base-p=4.5,animal_tag_data_b.csv,2500,100,100,cosine,cosine,mix,True,,0.0005023479461669922,0.12153350922295413,67.27,dust
dust_base-p=5,animal_tag_data_b.csv,2500,100,100,cosine,cosine,yes,True,,5.1409006118774414e-05,0.1037943200166653,67.55,dust
dust_base-p=5,animal_tag_data_b.csv,2500,100,100,cosine,cosine,no,True,,0.0005434751510620117,0.08718470185487108,67.55,dust
dust_base-p=5,animal_tag_data_b.csv,2500,100,100,cosine,cosine,mix,True,,0.0005434751510620117,0.12137456470714994,67.55,dust
dust_base-p=1,new_york_city_restaurant_inspection_results_a.csv,2500,100,100,cosine,cosine,yes,True,,5.14984130859375e-05,0.09683130092349411,65.0,dust
dust_base-p=1,new_york_city_restaurant_inspection_results_a.csv,2500,100,100,cosine,cosine,no,True,,0.0009788870811462402,0.12224478954190154,65.0,dust
dust_base-p=1,new_york_city_restaurant_inspection_results_a.csv,2500,100,100,cosine,cosine,mix,True,,5.14984130859375e-05,0.11191043936652585,65.0,dust
dust_base-p=1.5,new_york_city_restaurant_inspection_results_a.csv,2500,100,100,cosine,cosine,yes,True,,8.779764175415039e-05,0.10482877035296984,65.33,dust
dust_base-p=1.5,new_york_city_restaurant_inspection_results_a.csv,2500,100,100,cosine,cosine,no,True,,0.0012246966361999512,0.12645230528756987,65.33,dust
dust_base-p=1.5,new_york_city_restaurant_inspection_results_a.csv,2500,100,100,cosine,cosine,mix,True,,0.0012246966361999512,0.12255590034622933,65.33,dust
dust_base-p=2,new_york_city_restaurant_inspection_results_a.csv,2500,100,100,cosine,cosine,yes,True,,8.779764175415039e-05,0.11256655532502607,65.72,dust
dust_base-p=2,new_york_city_restaurant_inspection_results_a.csv,2500,100,100,cosine,cosine,no,True,,0.0005918443202972412,0.13923955011874367,65.72,dust
dust_base-p=2,new_york_city_restaurant_inspection_results_a.csv,2500,100,100,cosine,cosine,mix,True,,0.0005918443202972412,0.13285569438930087,65.72,dust
dust_base-p=2.5,new_york_city_restaurant_inspection_results_a.csv,2500,100,100,cosine,cosine,yes,True,,8.779764175415039e-05,0.11732376272501234,65.42,dust
dust_base-p=2.5,new_york_city_restaurant_inspection_results_a.csv,2500,100,100,cosine,cosine,no,True,,0.0005918443202972412,0.14588342245479513,65.42,dust
dust_base-p=2.5,new_york_city_restaurant_inspection_results_a.csv,2500,100,100,cosine,cosine,mix,True,,0.0005918443202972412,0.13918803066085447,65.42,dust
dust_base-p=3,new_york_city_restaurant_inspection_results_a.csv,2500,100,100,cosine,cosine,yes,True,,8.779764175415039e-05,0.12148617348884297,66.1,dust
dust_base-p=3,new_york_city_restaurant_inspection_results_a.csv,2500,100,100,cosine,cosine,no,True,,0.0005918443202972412,0.15303622137497117,66.1,dust
dust_base-p=3,new_york_city_restaurant_inspection_results_a.csv,2500,100,100,cosine,cosine,mix,True,,0.0005918443202972412,0.1447286309418063,66.1,dust
dust_base-p=3.5,new_york_city_restaurant_inspection_results_a.csv,2500,100,100,cosine,cosine,yes,True,,8.779764175415039e-05,0.12606481021464294,67.18,dust
dust_base-p=3.5,new_york_city_restaurant_inspection_results_a.csv,2500,100,100,cosine,cosine,no,True,,0.0007243454456329346,0.1552159555670545,67.18,dust
dust_base-p=3.5,new_york_city_restaurant_inspection_results_a.csv,2500,100,100,cosine,cosine,mix,True,,0.0007243454456329346,0.15082327113200156,67.18,dust
dust_base-p=4,new_york_city_restaurant_inspection_results_a.csv,2500,100,100,cosine,cosine,yes,True,,8.779764175415039e-05,0.1266474772382861,66.94,dust
dust_base-p=4,new_york_city_restaurant_inspection_results_a.csv,2500,100,100,cosine,cosine,no,True,,0.0006926655769348145,0.15660648655101897,66.94,dust
dust_base-p=4,new_york_city_restaurant_inspection_results_a.csv,2500,100,100,cosine,cosine,mix,True,,0.0006926655769348145,0.15159886135076403,66.94,dust
dust_base-p=4.5,new_york_city_restaurant_inspection_results_a.csv,2500,100,100,cosine,cosine,yes,True,,8.779764175415039e-05,0.12767759812497287,67.5,dust
dust_base-p=4.5,new_york_city_restaurant_inspection_results_a.csv,2500,100,100,cosine,cosine,no,True,,0.0006926655769348145,0.1537018748447368,67.5,dust
dust_base-p=4.5,new_york_city_restaurant_inspection_results_a.csv,2500,100,100,cosine,cosine,mix,True,,0.0006926655769348145,0.1529700590527752,67.5,dust
dust_base-p=5,new_york_city_restaurant_inspection_results_a.csv,2500,100,100,cosine,cosine,yes,True,,8.779764175415039e-05,0.12757809584059357,67.2,dust
dust_base-p=5,new_york_city_restaurant_inspection_results_a.csv,2500,100,100,cosine,cosine,no,True,,0.0006926655769348145,0.15288989174050602,67.2,dust
dust_base-p=5,new_york_city_restaurant_inspection_results_a.csv,2500,100,100,cosine,cosine,mix,True,,0.0006926655769348145,0.15283761119597597,67.2,dust
dust_base-p=1,business_rates_a.csv,2500,100,100,cosine,cosine,yes,True,,1.856684684753418e-05,0.029625405004650503,64.82,dust
dust_base-p=1,business_rates_a.csv,2500,100,100,cosine,cosine,no,True,,0.0003604292869567871,0.04704416848944895,64.82,dust
dust_base-p=1,business_rates_a.csv,2500,100,100,cosine,cosine,mix,True,,3.0934810638427734e-05,0.0376800195793045,64.82,dust
dust_base-p=1.5,business_rates_a.csv,2500,100,100,cosine,cosine,yes,True,,1.856684684753418e-05,0.03210350362312554,65.16,dust
dust_base-p=1.5,business_rates_a.csv,2500,100,100,cosine,cosine,no,True,,0.00018402934074401855,0.05038187443457469,65.16,dust
dust_base-p=1.5,business_rates_a.csv,2500,100,100,cosine,cosine,mix,True,,0.00018402934074401855,0.04097862576710739,65.16,dust
dust_base-p=2,business_rates_a.csv,2500,100,100,cosine,cosine,yes,True,,1.856684684753418e-05,0.032883654790907046,65.04,dust
dust_base-p=2,business_rates_a.csv,2500,100,100,cosine,cosine,no,True,,0.00026541948318481445,0.050433357941983926,65.04,dust
dust_base-p=2,business_rates_a.csv,2500,100,100,cosine,cosine,mix,True,,0.00026541948318481445,0.042017087856662715,65.04,dust
dust_base-p=2.5,business_rates_a.csv,2500,100,100,cosine,cosine,yes,True,,1.856684684753418e-05,0.03455051116327095,65.79,dust
dust_base-p=2.5,business_rates_a.csv,2500,100,100,cosine,cosine,no,True,,0.00018659234046936035,0.0528257039407588,65.79,dust
dust_base-p=2.5,business_rates_a.csv,2500,100,100,cosine,cosine,mix,True,,0.00018659234046936035,0.04423584650616383,65.79,dust
dust_base-p=3,business_rates_a.csv,2500,100,100,cosine,cosine,yes,True,,1.856684684753418e-05,0.03454677100363539,65.57,dust
dust_base-p=3,business_rates_a.csv,2500,100,100,cosine,cosine,no,True,,0.00016871094703674316,0.05213479853263407,65.57,dust
dust_base-p=3,business_rates_a.csv,2500,100,100,cosine,cosine,mix,True,,0.00016871094703674316,0.04423086796591314,65.57,dust
dust_base-p=3.5,business_rates_a.csv,2500,100,100,cosine,cosine,yes,True,,1.856684684753418e-05,0.03533727072572439,66.46,dust
dust_base-p=3.5,business_rates_a.csv,2500,100,100,cosine,cosine,no,True,,0.00029796361923217773,0.05241986169884301,66.46,dust
dust_base-p=3.5,business_rates_a.csv,2500,100,100,cosine,cosine,mix,True,,0.00029796361923217773,0.04528310505417876,66.46,dust
dust_base-p=4,business_rates_a.csv,2500,100,100,cosine,cosine,yes,True,,1.856684684753418e-05,0.0354114881852389,72.29,dust
dust_base-p=4,business_rates_a.csv,2500,100,100,cosine,cosine,no,True,,0.0002752542495727539,0.051986579620326406,72.29,dust
dust_base-p=4,business_rates_a.csv,2500,100,100,cosine,cosine,mix,True,,0.0002752542495727539,0.04538189618757935,72.29,dust
dust_base-p=4.5,business_rates_a.csv,2500,100,100,cosine,cosine,yes,True,,1.856684684753418e-05,0.035942754670415994,66.86,dust
dust_base-p=4.5,business_rates_a.csv,2500,100,100,cosine,cosine,no,True,,0.0002493858337402344,0.053340338118600124,66.86,dust
dust_base-p=4.5,business_rates_a.csv,2500,100,100,cosine,cosine,mix,True,,0.0002493858337402344,0.046089066960490664,66.86,dust
dust_base-p=5,business_rates_a.csv,2500,100,100,cosine,cosine,yes,True,,1.856684684753418e-05,0.03632304965532455,67.25,dust
dust_base-p=5,business_rates_a.csv,2500,100,100,cosine,cosine,no,True,,0.00017526745796203613,0.05381115847690539,67.25,dust
dust_base-p=5,business_rates_a.csv,2500,100,100,cosine,cosine,mix,True,,0.00017526745796203613,0.04659527901398099,67.25,dust
dust_base-p=1,biodiversity_a.csv,2500,100,100,cosine,cosine,yes,True,,2.4884939193725586e-05,0.15233547730851935,64.39,dust
dust_base-p=1,biodiversity_a.csv,2500,100,100,cosine,cosine,no,True,,0.0025080740451812744,0.20061543802406187,64.39,dust
dust_base-p=1,biodiversity_a.csv,2500,100,100,cosine,cosine,mix,True,,0.0002626776695251465,0.17392224461311726,64.39,dust
dust_base-p=1.5,biodiversity_a.csv,2500,100,100,cosine,cosine,yes,True,,2.4884939193725586e-05,0.17569628867513384,64.73,dust
dust_base-p=1.5,biodiversity_a.csv,2500,100,100,cosine,cosine,no,True,,0.0009990930557250977,0.2380105451069025,64.73,dust
dust_base-p=1.5,biodiversity_a.csv,2500,100,100,cosine,cosine,mix,True,,0.0009990930557250977,0.2050179065660021,64.73,dust
dust_base-p=2,biodiversity_a.csv,2500,100,100,cosine,cosine,yes,True,,2.4884939193725586e-05,0.1866890486909155,65.6,dust
dust_base-p=2,biodiversity_a.csv,2500,100,100,cosine,cosine,no,True,,0.0009990930557250977,0.2538413350278525,65.6,dust
dust_base-p=2,biodiversity_a.csv,2500,100,100,cosine,cosine,mix,True,,0.0009990930557250977,0.21965040986460108,65.6,dust
dust_base-p=2.5,biodiversity_a.csv,2500,100,100,cosine,cosine,yes,True,,2.4884939193725586e-05,0.20430568796829773,65.39,dust
dust_base-p=2.5,biodiversity_a.csv,2500,100,100,cosine,cosine,no,True,,0.0011059045791625977,0.2705101050991439,65.39,dust
dust_base-p=2.5,biodiversity_a.csv,2500,100,100,cosine,cosine,mix,True,,0.0011059045791625977,0.24309998321710322,65.39,dust
dust_base-p=3,biodiversity_a.csv,2500,100,100,cosine,cosine,yes,True,,2.4884939193725586e-05,0.21348264667420958,65.52,dust
dust_base-p=3,biodiversity_a.csv,2500,100,100,cosine,cosine,no,True,,0.0009096860885620117,0.2791841042340343,65.52,dust
dust_base-p=3,biodiversity_a.csv,2500,100,100,cosine,cosine,mix,True,,0.0009096860885620117,0.255315466711929,65.52,dust
dust_base-p=3.5,biodiversity_a.csv,2500,100,100,cosine,cosine,yes,True,,2.4884939193725586e-05,0.22489313350654278,65.49,dust
dust_base-p=3.5,biodiversity_a.csv,2500,100,100,cosine,cosine,no,True,,0.0009096860885620117,0.2938518079008998,65.49,dust
dust_base-p=3.5,biodiversity_a.csv,2500,100,100,cosine,cosine,mix,True,,0.0009096860885620117,0.27050400771282734,65.49,dust
dust_base-p=4,biodiversity_a.csv,2500,100,100,cosine,cosine,yes,True,,2.4884939193725586e-05,0.22680786165246689,65.77,dust
dust_base-p=4,biodiversity_a.csv,2500,100,100,cosine,cosine,no,True,,0.0006596148014068604,0.2870200823571022,65.77,dust
dust_base-p=4,biodiversity_a.csv,2500,100,100,cosine,cosine,mix,True,,0.0006596148014068604,0.27305270939201737,65.77,dust
dust_base-p=4.5,biodiversity_a.csv,2500,100,100,cosine,cosine,yes,True,,2.4884939193725586e-05,0.231104668856173,66.55,dust
dust_base-p=4.5,biodiversity_a.csv,2500,100,100,cosine,cosine,no,True,,0.0006596148014068604,0.28525252733633527,66.55,dust
dust_base-p=4.5,biodiversity_a.csv,2500,100,100,cosine,cosine,mix,True,,0.0006596148014068604,0.2787722052685225,66.55,dust
dust_base-p=5,biodiversity_a.csv,2500,100,100,cosine,cosine,yes,True,,2.4884939193725586e-05,0.23199883244787606,66.67,dust
dust_base-p=5,biodiversity_a.csv,2500,100,100,cosine,cosine,no,True,,0.00039714574813842773,0.28011994041017485,66.67,dust
dust_base-p=5,biodiversity_a.csv,2500,100,100,cosine,cosine,mix,True,,0.00039714574813842773,0.27996242971500346,66.67,dust
dust_base-p=1,contributors_parties_a.csv,2500,100,100,cosine,cosine,yes,True,,3.647804260253906e-05,0.13478557353451587,64.67,dust
dust_base-p=1,contributors_parties_a.csv,2500,100,100,cosine,cosine,no,True,,0.0009692609310150146,0.16312548176105596,64.67,dust
dust_base-p=1,contributors_parties_a.csv,2500,100,100,cosine,cosine,mix,True,,0.00014206767082214355,0.15041306021664805,64.67,dust
dust_base-p=1.5,contributors_parties_a.csv,2500,100,100,cosine,cosine,yes,True,,3.647804260253906e-05,0.14319556743447184,64.67,dust
dust_base-p=1.5,contributors_parties_a.csv,2500,100,100,cosine,cosine,no,True,,0.0012356042861938477,0.15952129167955204,64.67,dust
dust_base-p=1.5,contributors_parties_a.csv,2500,100,100,cosine,cosine,mix,True,,0.0012356042861938477,0.16160763403665634,64.67,dust
dust_base-p=2,contributors_parties_a.csv,2500,100,100,cosine,cosine,yes,True,,3.647804260253906e-05,0.1558069847061671,65.1,dust
dust_base-p=2,contributors_parties_a.csv,2500,100,100,cosine,cosine,no,True,,0.000722348690032959,0.1724129307884604,65.1,dust
dust_base-p=2,contributors_parties_a.csv,2500,100,100,cosine,cosine,mix,True,,0.000722348690032959,0.17839473796352828,65.1,dust
dust_base-p=2.5,contributors_parties_a.csv,2500,100,100,cosine,cosine,yes,True,,3.647804260253906e-05,0.1628755982932639,65.49,dust
dust_base-p=2.5,contributors_parties_a.csv,2500,100,100,cosine,cosine,no,True,,0.000561058521270752,0.1642509236416832,65.49,dust
dust_base-p=2.5,contributors_parties_a.csv,2500,100,100,cosine,cosine,mix,True,,0.000561058521270752,0.18780379551424575,65.49,dust
dust_base-p=3,contributors_parties_a.csv,2500,100,100,cosine,cosine,yes,True,,3.647804260253906e-05,0.16009679391196727,65.79,dust
dust_base-p=3,contributors_parties_a.csv,2500,100,100,cosine,cosine,no,True,,0.000561058521270752,0.13404294408926612,65.79,dust
dust_base-p=3,contributors_parties_a.csv,2500,100,100,cosine,cosine,mix,True,,0.000561058521270752,0.18410491877927565,65.79,dust
dust_base-p=3.5,contributors_parties_a.csv,2500,100,100,cosine,cosine,yes,True,,3.647804260253906e-05,0.15962263319703965,65.96,dust
dust_base-p=3.5,contributors_parties_a.csv,2500,100,100,cosine,cosine,no,True,,0.00035378336906433105,0.11541980208852563,65.96,dust
dust_base-p=3.5,contributors_parties_a.csv,2500,100,100,cosine,cosine,mix,True,,0.00035378336906433105,0.18347376170723154,65.96,dust
dust_base-p=4,contributors_parties_a.csv,2500,100,100,cosine,cosine,yes,True,,3.647804260253906e-05,0.15834236612873714,66.42,dust
dust_base-p=4,contributors_parties_a.csv,2500,100,100,cosine,cosine,no,True,,0.00040435791015625,0.09769679150775762,66.42,dust
dust_base-p=4,contributors_parties_a.csv,2500,100,100,cosine,cosine,mix,True,,0.00040435791015625,0.18176959350260144,66.42,dust
dust_base-p=4.5,contributors_parties_a.csv,2500,100,100,cosine,cosine,yes,True,,3.647804260253906e-05,0.15815687720952837,65.99,dust
dust_base-p=4.5,contributors_parties_a.csv,2500,100,100,cosine,cosine,no,True,,0.00040435791015625,0.07684599375207626,65.99,dust
dust_base-p=4.5,contributors_parties_a.csv,2500,100,100,cosine,cosine,mix,True,,0.00040435791015625,0.18152268851984193,65.99,dust
dust_base-p=5,contributors_parties_a.csv,2500,100,100,cosine,cosine,yes,True,,3.647804260253906e-05,0.15908284327023764,67.26,dust
dust_base-p=5,contributors_parties_a.csv,2500,100,100,cosine,cosine,no,True,,0.000548243522644043,0.07123700937173903,67.26,dust
dust_base-p=5,contributors_parties_a.csv,2500,100,100,cosine,cosine,mix,True,,0.000548243522644043,0.18275524534981613,67.26,dust
dust_base-p=1,contributors_parties_b.csv,2500,100,100,cosine,cosine,yes,True,,0.00011470913887023926,0.13720027408578506,64.64,dust
dust_base-p=1,contributors_parties_b.csv,2500,100,100,cosine,cosine,no,True,,0.001547098159790039,0.16108883933993345,64.64,dust
dust_base-p=1,contributors_parties_b.csv,2500,100,100,cosine,cosine,mix,True,,0.00018540024757385254,0.1548139471664843,64.64,dust
dust_base-p=1.5,contributors_parties_b.csv,2500,100,100,cosine,cosine,yes,True,,0.00011470913887023926,0.15031993628076912,65.39,dust
dust_base-p=1.5,contributors_parties_b.csv,2500,100,100,cosine,cosine,no,True,,0.0010696947574615479,0.1643152721824843,65.39,dust
dust_base-p=1.5,contributors_parties_b.csv,2500,100,100,cosine,cosine,mix,True,,0.0010696947574615479,0.1722775777805434,65.39,dust
dust_base-p=2,contributors_parties_b.csv,2500,100,100,cosine,cosine,yes,True,,0.00011470913887023926,0.15826659880223568,65.8,dust
dust_base-p=2,contributors_parties_b.csv,2500,100,100,cosine,cosine,no,True,,0.000486224889755249,0.16560888348475059,65.8,dust
dust_base-p=2,contributors_parties_b.csv,2500,100,100,cosine,cosine,mix,True,,0.000486224889755249,0.1828554094980808,65.8,dust
dust_base-p=2.5,contributors_parties_b.csv,2500,100,100,cosine,cosine,yes,True,,0.00011470913887023926,0.15819577077924754,65.45,dust
dust_base-p=2.5,contributors_parties_b.csv,2500,100,100,cosine,cosine,no,True,,0.000486224889755249,0.15748090893052216,65.45,dust
dust_base-p=2.5,contributors_parties_b.csv,2500,100,100,cosine,cosine,mix,True,,0.000486224889755249,0.18276113005610997,65.45,dust
dust_base-p=3,contributors_parties_b.csv,2500,100,100,cosine,cosine,yes,True,,0.00011470913887023926,0.1647579823587426,65.93,dust
dust_base-p=3,contributors_parties_b.csv,2500,100,100,cosine,cosine,no,True,,0.0006434917449951172,0.15676653345217198,65.93,dust
dust_base-p=3,contributors_parties_b.csv,2500,100,100,cosine,cosine,mix,True,,0.0006434917449951172,0.19149611403149133,65.93,dust
dust_base-p=3.5,contributors_parties_b.csv,2500,100,100,cosine,cosine,yes,True,,0.00011470913887023926,0.1661001555660563,66.8,dust
dust_base-p=3.5,contributors_parties_b.csv,2500,100,100,cosine,cosine,no,True,,0.0006434917449951172,0.15381752357937542,66.8,dust
dust_base-p=3.5,contributors_parties_b.csv,2500,100,100,cosine,cosine,mix,True,,0.0006434917449951172,0.1932826857255076,66.8,dust
dust_base-p=4,contributors_parties_b.csv,2500,100,100,cosine,cosine,yes,True,,0.00011470913887023926,0.16588148212481607,66.75,dust
dust_base-p=4,contributors_parties_b.csv,2500,100,100,cosine,cosine,no,True,,0.0006798803806304932,0.1419557376649887,66.75,dust
dust_base-p=4,contributors_parties_b.csv,2500,100,100,cosine,cosine,mix,True,,0.0006798803806304932,0.19299160870338847,66.75,dust
dust_base-p=4.5,contributors_parties_b.csv,2500,100,100,cosine,cosine,yes,True,,0.00011470913887023926,0.16694986983556398,67.22,dust
dust_base-p=4.5,contributors_parties_b.csv,2500,100,100,cosine,cosine,no,True,,0.0006798803806304932,0.13903147379895367,67.22,dust
dust_base-p=4.5,contributors_parties_b.csv,2500,100,100,cosine,cosine,mix,True,,0.0006798803806304932,0.19441374351568835,67.22,dust
dust_base-p=5,contributors_parties_b.csv,2500,100,100,cosine,cosine,yes,True,,0.00011470913887023926,0.1670744535368983,67.55,dust
dust_base-p=5,contributors_parties_b.csv,2500,100,100,cosine,cosine,no,True,,0.00045490264892578125,0.1287287002228285,67.55,dust
dust_base-p=5,contributors_parties_b.csv,2500,100,100,cosine,cosine,mix,True,,0.00045490264892578125,0.19457957733886913,67.55,dust
dust_base-p=1,workforce_management_information_a.csv,299,17,100,cosine,cosine,yes,True,,0.0001869797706604004,0.19989813100069856,1.4,dust
dust_base-p=1,workforce_management_information_a.csv,299,17,100,cosine,cosine,no,True,,0.0011538565158843994,0.20199881574601133,1.4,dust
dust_base-p=1,workforce_management_information_a.csv,299,17,100,cosine,cosine,mix,True,,0.0001869797706604004,0.20279583563930986,1.4,dust
dust_base-p=1.5,workforce_management_information_a.csv,299,17,100,cosine,cosine,yes,True,,0.0002639889717102051,0.2076054673149398,1.69,dust
dust_base-p=1.5,workforce_management_information_a.csv,299,17,100,cosine,cosine,no,True,,0.0008879303932189941,0.19627566286622292,1.69,dust
dust_base-p=1.5,workforce_management_information_a.csv,299,17,100,cosine,cosine,mix,True,,0.0008879303932189941,0.21066079567366192,1.69,dust
dust_base-p=2,workforce_management_information_a.csv,299,17,100,cosine,cosine,yes,True,,0.0002639889717102051,0.19557614570129808,1.94,dust
dust_base-p=2,workforce_management_information_a.csv,299,17,100,cosine,cosine,no,True,,0.0004322528839111328,0.17083225645528985,1.94,dust
dust_base-p=2,workforce_management_information_a.csv,299,17,100,cosine,cosine,mix,True,,0.0004322528839111328,0.19838546086611714,1.94,dust
dust_base-p=2.5,workforce_management_information_a.csv,299,17,100,cosine,cosine,yes,True,,0.0002639889717102051,0.19123553196338908,2.27,dust
dust_base-p=2.5,workforce_management_information_a.csv,299,17,100,cosine,cosine,no,True,,0.0004304349422454834,0.16320364702427836,2.27,dust
dust_base-p=2.5,workforce_management_information_a.csv,299,17,100,cosine,cosine,mix,True,,0.0004304349422454834,0.19395607668183887,2.27,dust
dust_base-p=3,workforce_management_information_a.csv,299,17,100,cosine,cosine,yes,True,,0.0001430511474609375,0.19247045054778616,2.52,dust
dust_base-p=3,workforce_management_information_a.csv,299,17,100,cosine,cosine,no,True,,0.0001430511474609375,0.15723850333363062,2.52,dust
dust_base-p=3,workforce_management_information_a.csv,299,17,100,cosine,cosine,mix,True,,0.0001430511474609375,0.1952162507440522,2.52,dust
dust_base-p=3.5,workforce_management_information_a.csv,299,17,100,cosine,cosine,yes,True,,0.0001430511474609375,0.19247045054778616,2.51,dust
dust_base-p=3.5,workforce_management_information_a.csv,299,17,100,cosine,cosine,no,True,,0.0001430511474609375,0.15723850333363062,2.51,dust
dust_base-p=3.5,workforce_management_information_a.csv,299,17,100,cosine,cosine,mix,True,,0.0001430511474609375,0.1952162507440522,2.51,dust
dust_base-p=4,workforce_management_information_a.csv,299,17,100,cosine,cosine,yes,True,,0.0001430511474609375,0.19247045054778616,9.48,dust
dust_base-p=4,workforce_management_information_a.csv,299,17,100,cosine,cosine,no,True,,0.0001430511474609375,0.15723850333363062,9.48,dust
dust_base-p=4,workforce_management_information_a.csv,299,17,100,cosine,cosine,mix,True,,0.0001430511474609375,0.1952162507440522,9.48,dust
dust_base-p=4.5,workforce_management_information_a.csv,299,17,100,cosine,cosine,yes,True,,0.0001430511474609375,0.19247045054778616,2.53,dust
dust_base-p=4.5,workforce_management_information_a.csv,299,17,100,cosine,cosine,no,True,,0.0001430511474609375,0.15723850333363062,2.53,dust
dust_base-p=4.5,workforce_management_information_a.csv,299,17,100,cosine,cosine,mix,True,,0.0001430511474609375,0.1952162507440522,2.53,dust
dust_base-p=5,workforce_management_information_a.csv,299,17,100,cosine,cosine,yes,True,,0.0001430511474609375,0.19247045054778616,2.51,dust
dust_base-p=5,workforce_management_information_a.csv,299,17,100,cosine,cosine,no,True,,0.0001430511474609375,0.15723850333363062,2.51,dust
dust_base-p=5,workforce_management_information_a.csv,299,17,100,cosine,cosine,mix,True,,0.0001430511474609375,0.1952162507440522,2.51,dust
dust_base-p=1,workforce_management_information_b.csv,299,18,100,cosine,cosine,yes,True,,1.7642974853515625e-05,0.18806417837543438,1.4,dust
dust_base-p=1,workforce_management_information_b.csv,299,18,100,cosine,cosine,no,True,,0.0014668703079223633,0.1932151487058545,1.4,dust
dust_base-p=1,workforce_management_information_b.csv,299,18,100,cosine,cosine,mix,True,,0.0002982914447784424,0.19038589539175585,1.4,dust
dust_base-p=1.5,workforce_management_information_b.csv,299,18,100,cosine,cosine,yes,True,,1.7642974853515625e-05,0.19430761292239873,1.73,dust
dust_base-p=1.5,workforce_management_information_b.csv,299,18,100,cosine,cosine,no,True,,0.001122504472732544,0.18811169821879387,1.73,dust
dust_base-p=1.5,workforce_management_information_b.csv,299,18,100,cosine,cosine,mix,True,,0.001122504472732544,0.1967708477884514,1.73,dust
dust_base-p=2,workforce_management_information_b.csv,299,18,100,cosine,cosine,yes,True,,1.7642974853515625e-05,0.20059867918273272,1.95,dust
dust_base-p=2,workforce_management_information_b.csv,299,18,100,cosine,cosine,no,True,,0.0007384717464447021,0.19069208126986545,1.95,dust
dust_base-p=2,workforce_management_information_b.csv,299,18,100,cosine,cosine,mix,True,,0.0007384717464447021,0.20320451155068628,1.95,dust
dust_base-p=2.5,workforce_management_information_b.csv,299,18,100,cosine,cosine,yes,True,,1.7642974853515625e-05,0.19464335502330943,2.24,dust
dust_base-p=2.5,workforce_management_information_b.csv,299,18,100,cosine,cosine,no,True,,0.000370025634765625,0.17566786454319208,2.24,dust
dust_base-p=2.5,workforce_management_information_b.csv,299,18,100,cosine,cosine,mix,True,,0.000370025634765625,0.1971142000436494,2.24,dust
dust_base-p=3,workforce_management_information_b.csv,299,18,100,cosine,cosine,yes,True,,1.7642974853515625e-05,0.19464335502330943,2.52,dust
dust_base-p=3,workforce_management_information_b.csv,299,18,100,cosine,cosine,no,True,,0.000370025634765625,0.17566786454319208,2.52,dust
dust_base-p=3,workforce_management_information_b.csv,299,18,100,cosine,cosine,mix,True,,0.000370025634765625,0.1971142000436494,2.52,dust
dust_base-p=3.5,workforce_management_information_b.csv,299,18,100,cosine,cosine,yes,True,,1.7642974853515625e-05,0.19464335502330943,2.56,dust
dust_base-p=3.5,workforce_management_information_b.csv,299,18,100,cosine,cosine,no,True,,0.000370025634765625,0.17566786454319208,2.56,dust
dust_base-p=3.5,workforce_management_information_b.csv,299,18,100,cosine,cosine,mix,True,,0.000370025634765625,0.1971142000436494,2.56,dust
dust_base-p=4,workforce_management_information_b.csv,299,18,100,cosine,cosine,yes,True,,1.7642974853515625e-05,0.19464335502330943,2.54,dust
dust_base-p=4,workforce_management_information_b.csv,299,18,100,cosine,cosine,no,True,,0.000370025634765625,0.17566786454319208,2.54,dust
dust_base-p=4,workforce_management_information_b.csv,299,18,100,cosine,cosine,mix,True,,0.000370025634765625,0.1971142000436494,2.54,dust
dust_base-p=4.5,workforce_management_information_b.csv,299,18,100,cosine,cosine,yes,True,,1.7642974853515625e-05,0.19464335502330943,2.52,dust
dust_base-p=4.5,workforce_management_information_b.csv,299,18,100,cosine,cosine,no,True,,0.000370025634765625,0.17566786454319208,2.52,dust
dust_base-p=4.5,workforce_management_information_b.csv,299,18,100,cosine,cosine,mix,True,,0.000370025634765625,0.1971142000436494,2.52,dust
dust_base-p=5,workforce_management_information_b.csv,299,18,100,cosine,cosine,yes,True,,1.7642974853515625e-05,0.19464335502330943,2.54,dust
dust_base-p=5,workforce_management_information_b.csv,299,18,100,cosine,cosine,no,True,,0.000370025634765625,0.17566786454319208,2.54,dust
dust_base-p=5,workforce_management_information_b.csv,299,18,100,cosine,cosine,mix,True,,0.000370025634765625,0.1971142000436494,2.54,dust
dust_base-p=1,wholesale_markets_a.csv,2500,100,100,cosine,cosine,yes,True,,0.00015503168106079102,0.13311724343339312,63.95,dust
dust_base-p=1,wholesale_markets_a.csv,2500,100,100,cosine,cosine,no,True,,0.0017556250095367432,0.159599989758601,63.95,dust
dust_base-p=1,wholesale_markets_a.csv,2500,100,100,cosine,cosine,mix,True,,0.0003820061683654785,0.1468562198392903,63.95,dust
dust_base-p=1.5,wholesale_markets_a.csv,2500,100,100,cosine,cosine,yes,True,,0.00015503168106079102,0.14486236195733557,64.78,dust
dust_base-p=1.5,wholesale_markets_a.csv,2500,100,100,cosine,cosine,no,True,,0.0015197396278381348,0.1734128141137611,64.78,dust
dust_base-p=1.5,wholesale_markets_a.csv,2500,100,100,cosine,cosine,mix,True,,0.0015197396278381348,0.16249019031597622,64.78,dust
dust_base-p=2,wholesale_markets_a.csv,2500,100,100,cosine,cosine,yes,True,,0.00015503168106079102,0.14710753778075175,64.77,dust
dust_base-p=2,wholesale_markets_a.csv,2500,100,100,cosine,cosine,no,True,,0.0015204250812530518,0.17210915109857836,64.77,dust
dust_base-p=2,wholesale_markets_a.csv,2500,100,100,cosine,cosine,mix,True,,0.0015204250812530518,0.16547875211436966,64.77,dust
dust_base-p=2.5,wholesale_markets_a.csv,2500,100,100,cosine,cosine,yes,True,,0.00015503168106079102,0.14881201931404475,65.26,dust
dust_base-p=2.5,wholesale_markets_a.csv,2500,100,100,cosine,cosine,no,True,,0.001041024923324585,0.1757712764724067,65.26,dust
dust_base-p=2.5,wholesale_markets_a.csv,2500,100,100,cosine,cosine,mix,True,,0.001041024923324585,0.1677475937540038,65.26,dust
dust_base-p=3,wholesale_markets_a.csv,2500,100,100,cosine,cosine,yes,True,,0.00015503168106079102,0.15286255895927148,65.34,dust
dust_base-p=3,wholesale_markets_a.csv,2500,100,100,cosine,cosine,no,True,,0.0010321438312530518,0.17580138887484814,65.34,dust
dust_base-p=3,wholesale_markets_a.csv,2500,100,100,cosine,cosine,mix,True,,0.0010321438312530518,0.173139281977416,65.34,dust
dust_base-p=3.5,wholesale_markets_a.csv,2500,100,100,cosine,cosine,yes,True,,0.00015503168106079102,0.15794080972991578,65.47,dust
dust_base-p=3.5,wholesale_markets_a.csv,2500,100,100,cosine,cosine,no,True,,0.0009037554264068604,0.18053865527317006,65.47,dust
dust_base-p=3.5,wholesale_markets_a.csv,2500,100,100,cosine,cosine,mix,True,,0.0009037554264068604,0.17989896026074853,65.47,dust
dust_base-p=4,wholesale_markets_a.csv,2500,100,100,cosine,cosine,yes,True,,0.00015503168106079102,0.16281907054979192,66.14,dust
dust_base-p=4,wholesale_markets_a.csv,2500,100,100,cosine,cosine,no,True,,0.0009037554264068604,0.18948863839667415,66.14,dust
dust_base-p=4,wholesale_markets_a.csv,2500,100,100,cosine,cosine,mix,True,,0.0009037554264068604,0.1863924311848646,66.14,dust
dust_base-p=4.5,wholesale_markets_a.csv,2500,100,100,cosine,cosine,yes,True,,0.00015503168106079102,0.16540154898684487,67.09,dust
dust_base-p=4.5,wholesale_markets_a.csv,2500,100,100,cosine,cosine,no,True,,0.0009037554264068604,0.18970027710885842,67.09,dust
dust_base-p=4.5,wholesale_markets_a.csv,2500,100,100,cosine,cosine,mix,True,,0.0009037554264068604,0.18982997773318255,67.09,dust
dust_base-p=5,wholesale_markets_a.csv,2500,100,100,cosine,cosine,yes,True,,0.00015503168106079102,0.16804389986329132,67.08,dust
dust_base-p=5,wholesale_markets_a.csv,2500,100,100,cosine,cosine,no,True,,0.0009037554264068604,0.19079467443590267,67.08,dust
dust_base-p=5,wholesale_markets_a.csv,2500,100,100,cosine,cosine,mix,True,,0.0009037554264068604,0.19334722070584373,67.08,dust
dust_base-p=1,senior_officials_expenses_a.csv,2500,59,100,cosine,cosine,yes,True,,0.0002600252628326416,0.14223180884906825,63.48,dust
dust_base-p=1,senior_officials_expenses_a.csv,2500,59,100,cosine,cosine,no,True,,0.0010772943496704102,0.15641550027067724,63.48,dust
dust_base-p=1,senior_officials_expenses_a.csv,2500,59,100,cosine,cosine,mix,True,,0.0005329251289367676,0.1545237986024961,63.48,dust
dust_base-p=1.5,senior_officials_expenses_a.csv,2500,59,100,cosine,cosine,yes,True,,0.0002600252628326416,0.15846504298197361,64.04,dust
dust_base-p=1.5,senior_officials_expenses_a.csv,2500,59,100,cosine,cosine,no,True,,0.0010333359241485596,0.15342603461947138,64.04,dust
dust_base-p=1.5,senior_officials_expenses_a.csv,2500,59,100,cosine,cosine,mix,True,,0.0010333359241485596,0.17331694643138312,64.04,dust
dust_base-p=2,senior_officials_expenses_a.csv,2500,59,100,cosine,cosine,yes,True,,0.0002600252628326416,0.15682428884532684,64.39,dust
dust_base-p=2,senior_officials_expenses_a.csv,2500,59,100,cosine,cosine,no,True,,0.0009693503379821777,0.12923861144209042,64.39,dust
dust_base-p=2,senior_officials_expenses_a.csv,2500,59,100,cosine,cosine,mix,True,,0.0009693503379821777,0.17141745217235824,64.39,dust
dust_base-p=2.5,senior_officials_expenses_a.csv,2500,59,100,cosine,cosine,yes,True,,0.0002600252628326416,0.16136906850533583,64.69,dust
dust_base-p=2.5,senior_officials_expenses_a.csv,2500,59,100,cosine,cosine,no,True,,0.0009693503379821777,0.12852302063426715,64.69,dust
dust_base-p=2.5,senior_officials_expenses_a.csv,2500,59,100,cosine,cosine,mix,True,,0.0009693503379821777,0.17667892473543406,64.69,dust
dust_base-p=3,senior_officials_expenses_a.csv,2500,59,100,cosine,cosine,yes,True,,0.0002600252628326416,0.16349035154155742,64.91,dust
dust_base-p=3,senior_officials_expenses_a.csv,2500,59,100,cosine,cosine,no,True,,0.0007162094116210938,0.12301002260233744,64.91,dust
dust_base-p=3,senior_officials_expenses_a.csv,2500,59,100,cosine,cosine,mix,True,,0.0007162094116210938,0.17913472530851973,64.91,dust
dust_base-p=3.5,senior_officials_expenses_a.csv,2500,59,100,cosine,cosine,yes,True,,0.0002600252628326416,0.16492830860686436,66.0,dust
dust_base-p=3.5,senior_officials_expenses_a.csv,2500,59,100,cosine,cosine,no,True,,0.0006385147571563721,0.11959712774120917,66.0,dust
dust_base-p=3.5,senior_officials_expenses_a.csv,2500,59,100,cosine,cosine,mix,True,,0.0006385147571563721,0.18079944223914834,66.0,dust
dust_base-p=4,senior_officials_expenses_a.csv,2500,59,100,cosine,cosine,yes,True,,0.0002600252628326416,0.16628157115319542,65.74,dust
dust_base-p=4,senior_officials_expenses_a.csv,2500,59,100,cosine,cosine,no,True,,0.0005942881107330322,0.1129980710442319,65.74,dust
dust_base-p=4,senior_officials_expenses_a.csv,2500,59,100,cosine,cosine,mix,True,,0.0005942881107330322,0.18236610867642616,65.74,dust
dust_base-p=4.5,senior_officials_expenses_a.csv,2500,59,100,cosine,cosine,yes,True,,0.0002600252628326416,0.16678990080540534,66.31,dust
dust_base-p=4.5,senior_officials_expenses_a.csv,2500,59,100,cosine,cosine,no,True,,0.0005942881107330322,0.1116553430367882,66.31,dust
dust_base-p=4.5,senior_officials_expenses_a.csv,2500,59,100,cosine,cosine,mix,True,,0.0005942881107330322,0.18295459980650994,66.31,dust
dust_base-p=5,senior_officials_expenses_a.csv,2500,59,100,cosine,cosine,yes,True,,0.0002600252628326416,0.1707951128849924,67.12,dust
dust_base-p=5,senior_officials_expenses_a.csv,2500,59,100,cosine,cosine,no,True,,0.0005942881107330322,0.11468119819516862,67.12,dust
dust_base-p=5,senior_officials_expenses_a.csv,2500,59,100,cosine,cosine,mix,True,,0.0005942881107330322,0.1875914172195692,67.12,dust
dust_base-p=1,monthly_data_feed_a.csv,2500,100,100,cosine,cosine,yes,True,,1.0609626770019531e-05,0.06751439251660851,64.5,dust
dust_base-p=1,monthly_data_feed_a.csv,2500,100,100,cosine,cosine,no,True,,0.0005660057067871094,0.0833137853912106,64.5,dust
dust_base-p=1,monthly_data_feed_a.csv,2500,100,100,cosine,cosine,mix,True,,4.503130912780762e-05,0.08050281820912225,64.5,dust
dust_base-p=1.5,monthly_data_feed_a.csv,2500,100,100,cosine,cosine,yes,True,,1.0609626770019531e-05,0.07139365399345268,65.07,dust
dust_base-p=1.5,monthly_data_feed_a.csv,2500,100,100,cosine,cosine,no,True,,0.0005660057067871094,0.07853312911973759,65.07,dust
dust_base-p=1.5,monthly_data_feed_a.csv,2500,100,100,cosine,cosine,mix,True,,0.0005660057067871094,0.08566651743248005,65.07,dust
dust_base-p=2,monthly_data_feed_a.csv,2500,100,100,cosine,cosine,yes,True,,1.0609626770019531e-05,0.07194122820165963,65.13,dust
dust_base-p=2,monthly_data_feed_a.csv,2500,100,100,cosine,cosine,no,True,,0.00038304924964904785,0.07831007342729153,65.13,dust
dust_base-p=2,monthly_data_feed_a.csv,2500,100,100,cosine,cosine,mix,True,,0.00038304924964904785,0.08639539547551137,65.13,dust
dust_base-p=2.5,monthly_data_feed_a.csv,2500,100,100,cosine,cosine,yes,True,,1.0609626770019531e-05,0.0717182208244787,66.07,dust
dust_base-p=2.5,monthly_data_feed_a.csv,2500,100,100,cosine,cosine,no,True,,0.0004265308380126953,0.07608969861566268,66.07,dust
dust_base-p=2.5,monthly_data_feed_a.csv,2500,100,100,cosine,cosine,mix,True,,0.0004265308380126953,0.08609854953531737,66.07,dust
dust_base-p=3,monthly_data_feed_a.csv,2500,100,100,cosine,cosine,yes,True,,1.0609626770019531e-05,0.07218559721129099,65.7,dust
dust_base-p=3,monthly_data_feed_a.csv,2500,100,100,cosine,cosine,no,True,,0.0003286600112915039,0.07852436425089084,65.7,dust
dust_base-p=3,monthly_data_feed_a.csv,2500,100,100,cosine,cosine,mix,True,,0.0003286600112915039,0.0867206759632481,65.7,dust
dust_base-p=3.5,monthly_data_feed_a.csv,2500,100,100,cosine,cosine,yes,True,,1.0609626770019531e-05,0.0744093317609753,66.47,dust
dust_base-p=3.5,monthly_data_feed_a.csv,2500,100,100,cosine,cosine,no,True,,0.0003286600112915039,0.0827384364839662,66.47,dust
dust_base-p=3.5,monthly_data_feed_a.csv,2500,100,100,cosine,cosine,mix,True,,0.0003286600112915039,0.0896806972032961,66.47,dust
dust_base-p=4,monthly_data_feed_a.csv,2500,100,100,cosine,cosine,yes,True,,1.0609626770019531e-05,0.07360892510393766,66.77,dust
dust_base-p=4,monthly_data_feed_a.csv,2500,100,100,cosine,cosine,no,True,,0.0003286600112915039,0.08253997211988941,66.77,dust
dust_base-p=4,monthly_data_feed_a.csv,2500,100,100,cosine,cosine,mix,True,,0.0003286600112915039,0.08861527295747341,66.77,dust
dust_base-p=4.5,monthly_data_feed_a.csv,2500,100,100,cosine,cosine,yes,True,,1.0609626770019531e-05,0.07241119179066187,66.5,dust
dust_base-p=4.5,monthly_data_feed_a.csv,2500,100,100,cosine,cosine,no,True,,0.00028586387634277344,0.07914575796306246,66.5,dust
dust_base-p=4.5,monthly_data_feed_a.csv,2500,100,100,cosine,cosine,mix,True,,0.00028586387634277344,0.08702096573779527,66.5,dust
dust_base-p=5,monthly_data_feed_a.csv,2500,100,100,cosine,cosine,yes,True,,1.0609626770019531e-05,0.07298141304493634,67.08,dust
dust_base-p=5,monthly_data_feed_a.csv,2500,100,100,cosine,cosine,no,True,,0.00028586387634277344,0.07952884094352185,67.08,dust
dust_base-p=5,monthly_data_feed_a.csv,2500,100,100,cosine,cosine,mix,True,,0.00028586387634277344,0.08777998934716398,67.08,dust
dust_base-p=1,monthly_data_feed_b.csv,2500,100,100,cosine,cosine,yes,True,,1.0401010513305664e-05,0.06545761243686204,64.28,dust
dust_base-p=1,monthly_data_feed_b.csv,2500,100,100,cosine,cosine,no,True,,0.0004201531410217285,0.08612556052238991,64.28,dust
dust_base-p=1,monthly_data_feed_b.csv,2500,100,100,cosine,cosine,mix,True,,2.3931264877319336e-05,0.07629594681327026,64.28,dust
dust_base-p=1.5,monthly_data_feed_b.csv,2500,100,100,cosine,cosine,yes,True,,1.0401010513305664e-05,0.07206710207784706,65.45,dust
dust_base-p=1.5,monthly_data_feed_b.csv,2500,100,100,cosine,cosine,no,True,,0.00029772520065307617,0.09100101347549376,65.45,dust
dust_base-p=1.5,monthly_data_feed_b.csv,2500,100,100,cosine,cosine,mix,True,,0.00029772520065307617,0.08509386279023358,65.45,dust
dust_base-p=2,monthly_data_feed_b.csv,2500,100,100,cosine,cosine,yes,True,,1.0401010513305664e-05,0.0735570594619453,65.29,dust
dust_base-p=2,monthly_data_feed_b.csv,2500,100,100,cosine,cosine,no,True,,0.0003312528133392334,0.09446666749873942,65.29,dust
dust_base-p=2,monthly_data_feed_b.csv,2500,100,100,cosine,cosine,mix,True,,0.0003312528133392334,0.08707715054565533,65.29,dust
dust_base-p=2.5,monthly_data_feed_b.csv,2500,100,100,cosine,cosine,yes,True,,1.0401010513305664e-05,0.07474215388914333,65.65,dust
dust_base-p=2.5,monthly_data_feed_b.csv,2500,100,100,cosine,cosine,no,True,,0.0003312528133392334,0.09710788842165993,65.65,dust
dust_base-p=2.5,monthly_data_feed_b.csv,2500,100,100,cosine,cosine,mix,True,,0.0003312528133392334,0.0886546340975778,65.65,dust
dust_base-p=3,monthly_data_feed_b.csv,2500,100,100,cosine,cosine,yes,True,,1.0401010513305664e-05,0.07476676985077693,65.66,dust
dust_base-p=3,monthly_data_feed_b.csv,2500,100,100,cosine,cosine,no,True,,0.0003312528133392334,0.0960201375494062,65.66,dust
dust_base-p=3,monthly_data_feed_b.csv,2500,100,100,cosine,cosine,mix,True,,0.0003312528133392334,0.08868740049466868,65.66,dust
dust_base-p=3.5,monthly_data_feed_b.csv,2500,100,100,cosine,cosine,yes,True,,1.0401010513305664e-05,0.0746541465399816,66.42,dust
dust_base-p=3.5,monthly_data_feed_b.csv,2500,100,100,cosine,cosine,no,True,,0.0003312528133392334,0.09589182979535461,66.42,dust
dust_base-p=3.5,monthly_data_feed_b.csv,2500,100,100,cosine,cosine,mix,True,,0.0003312528133392334,0.08853748719133576,66.42,dust
dust_base-p=4,monthly_data_feed_b.csv,2500,100,100,cosine,cosine,yes,True,,1.0401010513305664e-05,0.07486806669228314,66.44,dust
dust_base-p=4,monthly_data_feed_b.csv,2500,100,100,cosine,cosine,no,True,,0.00031626224517822266,0.09548681301398748,66.44,dust
dust_base-p=4,monthly_data_feed_b.csv,2500,100,100,cosine,cosine,mix,True,,0.00031626224517822266,0.08882223709306157,66.44,dust
dust_base-p=4.5,monthly_data_feed_b.csv,2500,100,100,cosine,cosine,yes,True,,1.0401010513305664e-05,0.07560695607021238,67.09,dust
dust_base-p=4.5,monthly_data_feed_b.csv,2500,100,100,cosine,cosine,no,True,,0.0002849102020263672,0.09753236844425438,67.09,dust
dust_base-p=4.5,monthly_data_feed_b.csv,2500,100,100,cosine,cosine,mix,True,,0.0002849102020263672,0.08980577546234529,67.09,dust
dust_base-p=5,monthly_data_feed_b.csv,2500,100,100,cosine,cosine,yes,True,,1.0401010513305664e-05,0.07553034630547051,75.99,dust
dust_base-p=5,monthly_data_feed_b.csv,2500,100,100,cosine,cosine,no,True,,0.00023925304412841797,0.09720167631123479,75.99,dust
dust_base-p=5,monthly_data_feed_b.csv,2500,100,100,cosine,cosine,mix,True,,0.00023925304412841797,0.08970379992265544,75.99,dust
dust_base-p=1,tuition_assistance_program_tap_recipients_a.csv,2500,100,100,cosine,cosine,yes,True,,5.960464477539063e-08,0.065749743301047,65.02,dust
dust_base-p=1,tuition_assistance_program_tap_recipients_a.csv,2500,100,100,cosine,cosine,no,True,,0.0006082057952880859,0.09105016115300282,65.02,dust
dust_base-p=1,tuition_assistance_program_tap_recipients_a.csv,2500,100,100,cosine,cosine,mix,True,,0.0002345442771911621,0.07590847546178661,65.02,dust
dust_base-p=1.5,tuition_assistance_program_tap_recipients_a.csv,2500,100,100,cosine,cosine,yes,True,,5.960464477539063e-08,0.07052740580098114,64.97,dust
dust_base-p=1.5,tuition_assistance_program_tap_recipients_a.csv,2500,100,100,cosine,cosine,no,True,,0.0006082057952880859,0.0979855672714084,64.97,dust
dust_base-p=1.5,tuition_assistance_program_tap_recipients_a.csv,2500,100,100,cosine,cosine,mix,True,,0.0006082057952880859,0.08226803959213372,64.97,dust
dust_base-p=2,tuition_assistance_program_tap_recipients_a.csv,2500,100,100,cosine,cosine,yes,True,,5.960464477539063e-08,0.0738039861808545,65.25,dust
dust_base-p=2,tuition_assistance_program_tap_recipients_a.csv,2500,100,100,cosine,cosine,no,True,,0.00074043869972229,0.09841542386271135,65.25,dust
dust_base-p=2,tuition_assistance_program_tap_recipients_a.csv,2500,100,100,cosine,cosine,mix,True,,0.00074043869972229,0.08662950779009224,65.25,dust
dust_base-p=2.5,tuition_assistance_program_tap_recipients_a.csv,2500,100,100,cosine,cosine,yes,True,,5.960464477539063e-08,0.07776595491260739,65.59,dust
dust_base-p=2.5,tuition_assistance_program_tap_recipients_a.csv,2500,100,100,cosine,cosine,no,True,,0.0005356073379516602,0.1046690448892839,65.59,dust
dust_base-p=2.5,tuition_assistance_program_tap_recipients_a.csv,2500,100,100,cosine,cosine,mix,True,,0.0005356073379516602,0.09190329894473322,65.59,dust
dust_base-p=3,tuition_assistance_program_tap_recipients_a.csv,2500,100,100,cosine,cosine,yes,True,,5.960464477539063e-08,0.07989020855524039,66.26,dust
dust_base-p=3,tuition_assistance_program_tap_recipients_a.csv,2500,100,100,cosine,cosine,no,True,,0.00047585368156433105,0.10720012826064244,66.26,dust
dust_base-p=3,tuition_assistance_program_tap_recipients_a.csv,2500,100,100,cosine,cosine,mix,True,,0.00047585368156433105,0.09473090078342195,66.26,dust
dust_base-p=3.5,tuition_assistance_program_tap_recipients_a.csv,2500,100,100,cosine,cosine,yes,True,,5.960464477539063e-08,0.07979935266187499,67.0,dust
dust_base-p=3.5,tuition_assistance_program_tap_recipients_a.csv,2500,100,100,cosine,cosine,no,True,,0.00046369433403015137,0.10514124924627444,67.0,dust
dust_base-p=3.5,tuition_assistance_program_tap_recipients_a.csv,2500,100,100,cosine,cosine,mix,True,,0.00046369433403015137,0.09460996216951081,67.0,dust
dust_base-p=4,tuition_assistance_program_tap_recipients_a.csv,2500,100,100,cosine,cosine,yes,True,,5.960464477539063e-08,0.08068724261463418,67.7,dust
dust_base-p=4,tuition_assistance_program_tap_recipients_a.csv,2500,100,100,cosine,cosine,no,True,,0.00046369433403015137,0.10509933407136211,67.7,dust
dust_base-p=4,tuition_assistance_program_tap_recipients_a.csv,2500,100,100,cosine,cosine,mix,True,,0.00046369433403015137,0.09579183575211336,67.7,dust
dust_base-p=4.5,tuition_assistance_program_tap_recipients_a.csv,2500,100,100,cosine,cosine,yes,True,,5.960464477539063e-08,0.08141511209636702,67.72,dust
dust_base-p=4.5,tuition_assistance_program_tap_recipients_a.csv,2500,100,100,cosine,cosine,no,True,,0.00046369433403015137,0.10468469560861286,67.72,dust
dust_base-p=4.5,tuition_assistance_program_tap_recipients_a.csv,2500,100,100,cosine,cosine,mix,True,,0.00046369433403015137,0.09676070549702864,67.72,dust
dust_base-p=5,tuition_assistance_program_tap_recipients_a.csv,2500,100,100,cosine,cosine,yes,True,,5.960464477539063e-08,0.07956031274396795,67.97,dust
dust_base-p=5,tuition_assistance_program_tap_recipients_a.csv,2500,100,100,cosine,cosine,no,True,,0.00046369433403015137,0.09705845691451821,67.97,dust
dust_base-p=5,tuition_assistance_program_tap_recipients_a.csv,2500,100,100,cosine,cosine,mix,True,,0.00046369433403015137,0.09429177525537369,67.97,dust
dust_base-p=1,time_spent_watching_vcr_movies_a.csv,2500,100,100,cosine,cosine,yes,True,,2.3365020751953125e-05,0.037910184231984556,64.98,dust
dust_base-p=1,time_spent_watching_vcr_movies_a.csv,2500,100,100,cosine,cosine,no,True,,0.0004490017890930176,0.05001341116247755,64.98,dust
dust_base-p=1,time_spent_watching_vcr_movies_a.csv,2500,100,100,cosine,cosine,mix,True,,5.4389238357543945e-05,0.04458998059847682,64.98,dust
dust_base-p=1.5,time_spent_watching_vcr_movies_a.csv,2500,100,100,cosine,cosine,yes,True,,2.3365020751953125e-05,0.04065668419377887,66.62,dust
dust_base-p=1.5,time_spent_watching_vcr_movies_a.csv,2500,100,100,cosine,cosine,no,True,,0.00033411383628845215,0.05010237306657463,66.62,dust
dust_base-p=1.5,time_spent_watching_vcr_movies_a.csv,2500,100,100,cosine,cosine,mix,True,,0.00033411383628845215,0.0482458568018017,66.62,dust
dust_base-p=2,time_spent_watching_vcr_movies_a.csv,2500,100,100,cosine,cosine,yes,True,,2.3365020751953125e-05,0.04459351347019924,66.07,dust
dust_base-p=2,time_spent_watching_vcr_movies_a.csv,2500,100,100,cosine,cosine,no,True,,0.00033411383628845215,0.054552901248739225,66.07,dust
dust_base-p=2,time_spent_watching_vcr_movies_a.csv,2500,100,100,cosine,cosine,mix,True,,0.00033411383628845215,0.053486184734963256,66.07,dust
dust_base-p=2.5,time_spent_watching_vcr_movies_a.csv,2500,100,100,cosine,cosine,yes,True,,2.3365020751953125e-05,0.044322697658784424,65.84,dust
dust_base-p=2.5,time_spent_watching_vcr_movies_a.csv,2500,100,100,cosine,cosine,no,True,,0.00033411383628845215,0.052198856241173215,65.84,dust
dust_base-p=2.5,time_spent_watching_vcr_movies_a.csv,2500,100,100,cosine,cosine,mix,True,,0.00033411383628845215,0.05312570081207665,65.84,dust
dust_base-p=3,time_spent_watching_vcr_movies_a.csv,2500,100,100,cosine,cosine,yes,True,,2.3365020751953125e-05,0.0454285982872673,66.1,dust
dust_base-p=3,time_spent_watching_vcr_movies_a.csv,2500,100,100,cosine,cosine,no,True,,0.0004139840602874756,0.05342624804889313,66.1,dust
dust_base-p=3,time_spent_watching_vcr_movies_a.csv,2500,100,100,cosine,cosine,mix,True,,0.0004139840602874756,0.05459776920718094,66.1,dust
dust_base-p=3.5,time_spent_watching_vcr_movies_a.csv,2500,100,100,cosine,cosine,yes,True,,2.3365020751953125e-05,0.04570889070255672,66.49,dust
dust_base-p=3.5,time_spent_watching_vcr_movies_a.csv,2500,100,100,cosine,cosine,no,True,,0.0003934800624847412,0.05291832925093294,66.49,dust
dust_base-p=3.5,time_spent_watching_vcr_movies_a.csv,2500,100,100,cosine,cosine,mix,True,,0.0003934800624847412,0.054970867472348806,66.49,dust
dust_base-p=4,time_spent_watching_vcr_movies_a.csv,2500,100,100,cosine,cosine,yes,True,,2.3365020751953125e-05,0.044949572919750935,66.7,dust
dust_base-p=4,time_spent_watching_vcr_movies_a.csv,2500,100,100,cosine,cosine,no,True,,0.0002315044403076172,0.05025246740290613,66.7,dust
dust_base-p=4,time_spent_watching_vcr_movies_a.csv,2500,100,100,cosine,cosine,mix,True,,0.0002315044403076172,0.05396013677817922,66.7,dust
dust_base-p=4.5,time_spent_watching_vcr_movies_a.csv,2500,100,100,cosine,cosine,yes,True,,2.3365020751953125e-05,0.043814487416840076,67.15,dust
dust_base-p=4.5,time_spent_watching_vcr_movies_a.csv,2500,100,100,cosine,cosine,no,True,,0.0003406107425689697,0.04848975045512421,67.15,dust
dust_base-p=4.5,time_spent_watching_vcr_movies_a.csv,2500,100,100,cosine,cosine,mix,True,,0.0003406107425689697,0.05244922028935474,67.15,dust
dust_base-p=5,time_spent_watching_vcr_movies_a.csv,2500,100,100,cosine,cosine,yes,True,,2.3365020751953125e-05,0.04394216542792081,67.31,dust
dust_base-p=5,time_spent_watching_vcr_movies_a.csv,2500,100,100,cosine,cosine,no,True,,0.00016865134239196777,0.0486742216258338,67.31,dust
dust_base-p=5,time_spent_watching_vcr_movies_a.csv,2500,100,100,cosine,cosine,mix,True,,0.00016865134239196777,0.052619172959622734,67.31,dust
dust_base-p=1,complaint_by_practice_a.csv,2500,100,100,cosine,cosine,yes,True,,0.00014522671699523926,0.13477411448850748,65.83,dust
dust_base-p=1,complaint_by_practice_a.csv,2500,100,100,cosine,cosine,no,True,,0.002152770757675171,0.16555798593958085,65.83,dust
dust_base-p=1,complaint_by_practice_a.csv,2500,100,100,cosine,cosine,mix,True,,0.00014522671699523926,0.14592495627443436,65.83,dust
dust_base-p=1.5,complaint_by_practice_a.csv,2500,100,100,cosine,cosine,yes,True,,0.00018927454948425293,0.1444459339421956,65.75,dust
dust_base-p=1.5,complaint_by_practice_a.csv,2500,100,100,cosine,cosine,no,True,,0.002105802297592163,0.18026305268750428,65.75,dust
dust_base-p=1.5,complaint_by_practice_a.csv,2500,100,100,cosine,cosine,mix,True,,0.002105802297592163,0.1587991507311831,65.75,dust
dust_base-p=2,complaint_by_practice_a.csv,2500,100,100,cosine,cosine,yes,True,,0.00018927454948425293,0.15425123430810161,66.43,dust
dust_base-p=2,complaint_by_practice_a.csv,2500,100,100,cosine,cosine,no,True,,0.0014178454875946045,0.19592337832808926,66.43,dust
dust_base-p=2,complaint_by_practice_a.csv,2500,100,100,cosine,cosine,mix,True,,0.0014178454875946045,0.171851022121252,66.43,dust
dust_base-p=2.5,complaint_by_practice_a.csv,2500,100,100,cosine,cosine,yes,True,,0.00018927454948425293,0.15716338815639533,66.04,dust
dust_base-p=2.5,complaint_by_practice_a.csv,2500,100,100,cosine,cosine,no,True,,0.001755356788635254,0.19626128015456917,66.04,dust
dust_base-p=2.5,complaint_by_practice_a.csv,2500,100,100,cosine,cosine,mix,True,,0.001755356788635254,0.1757274008223252,66.04,dust
dust_base-p=3,complaint_by_practice_a.csv,2500,100,100,cosine,cosine,yes,True,,0.00018927454948425293,0.16066471153614836,65.85,dust
dust_base-p=3,complaint_by_practice_a.csv,2500,100,100,cosine,cosine,no,True,,0.0007841885089874268,0.2006590399150181,65.85,dust
dust_base-p=3,complaint_by_practice_a.csv,2500,100,100,cosine,cosine,mix,True,,0.0007841885089874268,0.18038802525423728,65.85,dust
dust_base-p=3.5,complaint_by_practice_a.csv,2500,100,100,cosine,cosine,yes,True,,0.00018927454948425293,0.16902971190718963,66.92,dust
dust_base-p=3.5,complaint_by_practice_a.csv,2500,100,100,cosine,cosine,no,True,,0.0007841885089874268,0.21494856083864144,66.92,dust
dust_base-p=3.5,complaint_by_practice_a.csv,2500,100,100,cosine,cosine,mix,True,,0.0007841885089874268,0.1915227080223792,66.92,dust
dust_base-p=4,complaint_by_practice_a.csv,2500,100,100,cosine,cosine,yes,True,,0.00018927454948425293,0.16928505570336683,66.9,dust
dust_base-p=4,complaint_by_practice_a.csv,2500,100,100,cosine,cosine,no,True,,0.0007841885089874268,0.21499416256452403,66.9,dust
dust_base-p=4,complaint_by_practice_a.csv,2500,100,100,cosine,cosine,mix,True,,0.0007841885089874268,0.19186259708886252,66.9,dust
dust_base-p=4.5,complaint_by_practice_a.csv,2500,100,100,cosine,cosine,yes,True,,0.00018927454948425293,0.17074649954310606,66.99,dust
dust_base-p=4.5,complaint_by_practice_a.csv,2500,100,100,cosine,cosine,no,True,,0.0007841885089874268,0.2113128263493748,66.99,dust
dust_base-p=4.5,complaint_by_practice_a.csv,2500,100,100,cosine,cosine,mix,True,,0.0007841885089874268,0.19380793036048866,66.99,dust
dust_base-p=5,complaint_by_practice_a.csv,2500,100,100,cosine,cosine,yes,True,,0.00018927454948425293,0.1729423962852619,67.67,dust
dust_base-p=5,complaint_by_practice_a.csv,2500,100,100,cosine,cosine,no,True,,0.0007841885089874268,0.21504285877050353,67.67,dust
dust_base-p=5,complaint_by_practice_a.csv,2500,100,100,cosine,cosine,mix,True,,0.0007841885089874268,0.1967308965925222,67.67,dust
dust_base-p=1,complaint_by_practice_b.csv,2500,100,100,cosine,cosine,yes,True,,6.374716758728027e-05,0.1406586350341368,64.7,dust
dust_base-p=1,complaint_by_practice_b.csv,2500,100,100,cosine,cosine,no,True,,0.0027059614658355713,0.17056783177534465,64.7,dust
dust_base-p=1,complaint_by_practice_b.csv,2500,100,100,cosine,cosine,mix,True,,0.0001640617847442627,0.15872538086006951,64.7,dust
dust_base-p=1.5,complaint_by_practice_b.csv,2500,100,100,cosine,cosine,yes,True,,6.374716758728027e-05,0.15269264736742144,65.15,dust
dust_base-p=1.5,complaint_by_practice_b.csv,2500,100,100,cosine,cosine,no,True,,0.0024461448192596436,0.16516271149679357,65.15,dust
dust_base-p=1.5,complaint_by_practice_b.csv,2500,100,100,cosine,cosine,mix,True,,0.0024461448192596436,0.17474389894919087,65.15,dust
dust_base-p=2,complaint_by_practice_b.csv,2500,100,100,cosine,cosine,yes,True,,6.374716758728027e-05,0.1551176066761791,65.56,dust
dust_base-p=2,complaint_by_practice_b.csv,2500,100,100,cosine,cosine,no,True,,0.0014671087265014648,0.15461789840737986,65.56,dust
dust_base-p=2,complaint_by_practice_b.csv,2500,100,100,cosine,cosine,mix,True,,0.0014671087265014648,0.17797177120633317,65.56,dust
dust_base-p=2.5,complaint_by_practice_b.csv,2500,100,100,cosine,cosine,yes,True,,6.374716758728027e-05,0.16376821329019162,65.3,dust
dust_base-p=2.5,complaint_by_practice_b.csv,2500,100,100,cosine,cosine,no,True,,0.0019120573997497559,0.16286737797632778,65.3,dust
dust_base-p=2.5,complaint_by_practice_b.csv,2500,100,100,cosine,cosine,mix,True,,0.0019120573997497559,0.18948662549521939,65.3,dust
dust_base-p=3,complaint_by_practice_b.csv,2500,100,100,cosine,cosine,yes,True,,6.374716758728027e-05,0.16579841436938753,66.15,dust
dust_base-p=3,complaint_by_practice_b.csv,2500,100,100,cosine,cosine,no,True,,0.001956045627593994,0.15673504413695266,66.15,dust
dust_base-p=3,complaint_by_practice_b.csv,2500,100,100,cosine,cosine,mix,True,,0.001956045627593994,0.19218903362070425,66.15,dust
dust_base-p=3.5,complaint_by_practice_b.csv,2500,100,100,cosine,cosine,yes,True,,6.374716758728027e-05,0.16758557918221056,66.75,dust
dust_base-p=3.5,complaint_by_practice_b.csv,2500,100,100,cosine,cosine,no,True,,0.0011741816997528076,0.15033960575600638,66.75,dust
dust_base-p=3.5,complaint_by_practice_b.csv,2500,100,100,cosine,cosine,mix,True,,0.0011741816997528076,0.19456793527790683,66.75,dust
dust_base-p=4,complaint_by_practice_b.csv,2500,100,100,cosine,cosine,yes,True,,6.374716758728027e-05,0.16597063918028643,67.21,dust
dust_base-p=4,complaint_by_practice_b.csv,2500,100,100,cosine,cosine,no,True,,0.0011741816997528076,0.1364703098590535,67.21,dust
dust_base-p=4,complaint_by_practice_b.csv,2500,100,100,cosine,cosine,mix,True,,0.0011741816997528076,0.19241828270009478,67.21,dust
dust_base-p=4.5,complaint_by_practice_b.csv,2500,100,100,cosine,cosine,yes,True,,6.374716758728027e-05,0.16706372480644247,67.15,dust
dust_base-p=4.5,complaint_by_practice_b.csv,2500,100,100,cosine,cosine,no,True,,0.0011741816997528076,0.13205769951325358,67.15,dust
dust_base-p=4.5,complaint_by_practice_b.csv,2500,100,100,cosine,cosine,mix,True,,0.0011741816997528076,0.19387329299845632,67.15,dust
dust_base-p=5,complaint_by_practice_b.csv,2500,100,100,cosine,cosine,yes,True,,6.374716758728027e-05,0.16717178713540393,67.47,dust
dust_base-p=5,complaint_by_practice_b.csv,2500,100,100,cosine,cosine,no,True,,0.0008529126644134521,0.12294256779217665,67.47,dust
dust_base-p=5,complaint_by_practice_b.csv,2500,100,100,cosine,cosine,mix,True,,0.0008529126644134521,0.19401713516209065,67.47,dust
dust_base-p=1,311_calls_historic_data_a.csv,2500,100,100,cosine,cosine,yes,True,,9.59634780883789e-06,0.10505861048643411,64.99,dust
dust_base-p=1,311_calls_historic_data_a.csv,2500,100,100,cosine,cosine,no,True,,0.0018919110298156738,0.13356351163569893,64.99,dust
dust_base-p=1,311_calls_historic_data_a.csv,2500,100,100,cosine,cosine,mix,True,,0.00013300776481628418,0.11682466430524925,64.99,dust
dust_base-p=1.5,311_calls_historic_data_a.csv,2500,100,100,cosine,cosine,yes,True,,9.59634780883789e-06,0.11423828223287877,66.04,dust
dust_base-p=1.5,311_calls_historic_data_a.csv,2500,100,100,cosine,cosine,no,True,,0.0011107027530670166,0.14878404399057887,66.04,dust
dust_base-p=1.5,311_calls_historic_data_a.csv,2500,100,100,cosine,cosine,mix,True,,0.0011107027530670166,0.12904375913830934,66.04,dust
dust_base-p=2,311_calls_historic_data_a.csv,2500,100,100,cosine,cosine,yes,True,,9.59634780883789e-06,0.11681410311682655,66.09,dust
dust_base-p=2,311_calls_historic_data_a.csv,2500,100,100,cosine,cosine,no,True,,0.0011107027530670166,0.1499601926668453,66.09,dust
dust_base-p=2,311_calls_historic_data_a.csv,2500,100,100,cosine,cosine,mix,True,,0.0011107027530670166,0.13247244379319636,66.09,dust
dust_base-p=2.5,311_calls_historic_data_a.csv,2500,100,100,cosine,cosine,yes,True,,9.59634780883789e-06,0.11931375359294728,66.39,dust
dust_base-p=2.5,311_calls_historic_data_a.csv,2500,100,100,cosine,cosine,no,True,,0.0011400580406188965,0.153951146105302,66.39,dust
dust_base-p=2.5,311_calls_historic_data_a.csv,2500,100,100,cosine,cosine,mix,True,,0.0011400580406188965,0.13579973773799922,66.39,dust
dust_base-p=3,311_calls_historic_data_a.csv,2500,100,100,cosine,cosine,yes,True,,9.59634780883789e-06,0.11853257062224017,66.49,dust
dust_base-p=3,311_calls_historic_data_a.csv,2500,100,100,cosine,cosine,no,True,,0.0008050203323364258,0.15018748414233782,66.49,dust
dust_base-p=3,311_calls_historic_data_a.csv,2500,100,100,cosine,cosine,mix,True,,0.0008050203323364258,0.1347599022117737,66.49,dust
dust_base-p=3.5,311_calls_historic_data_a.csv,2500,100,100,cosine,cosine,yes,True,,9.59634780883789e-06,0.12188426901936687,66.54,dust
dust_base-p=3.5,311_calls_historic_data_a.csv,2500,100,100,cosine,cosine,no,True,,0.0008050203323364258,0.15548863804228555,66.54,dust
dust_base-p=3.5,311_calls_historic_data_a.csv,2500,100,100,cosine,cosine,mix,True,,0.0008050203323364258,0.13922136027885204,66.54,dust
dust_base-p=4,311_calls_historic_data_a.csv,2500,100,100,cosine,cosine,yes,True,,9.59634780883789e-06,0.12523300568277523,67.36,dust
dust_base-p=4,311_calls_historic_data_a.csv,2500,100,100,cosine,cosine,no,True,,0.0006737112998962402,0.16061798628707993,67.36,dust
dust_base-p=4,311_calls_historic_data_a.csv,2500,100,100,cosine,cosine,mix,True,,0.0006737112998962402,0.1436788759712819,67.36,dust
dust_base-p=4.5,311_calls_historic_data_a.csv,2500,100,100,cosine,cosine,yes,True,,9.59634780883789e-06,0.12607153675515775,66.87,dust
dust_base-p=4.5,311_calls_historic_data_a.csv,2500,100,100,cosine,cosine,no,True,,0.0006737112998962402,0.16222372381596595,66.87,dust
dust_base-p=4.5,311_calls_historic_data_a.csv,2500,100,100,cosine,cosine,mix,True,,0.0006737112998962402,0.14479504776662722,66.87,dust
dust_base-p=5,311_calls_historic_data_a.csv,2500,100,100,cosine,cosine,yes,True,,9.59634780883789e-06,0.1268606848191288,67.75,dust
dust_base-p=5,311_calls_historic_data_a.csv,2500,100,100,cosine,cosine,no,True,,0.0006737112998962402,0.1631178237678335,67.75,dust
dust_base-p=5,311_calls_historic_data_a.csv,2500,100,100,cosine,cosine,mix,True,,0.0006737112998962402,0.14584548565779934,67.75,dust
dust_base-p=1,abandoned_wells_a.csv,2500,100,100,cosine,cosine,yes,True,,0.00010851025581359863,0.12299250322120073,64.43,dust
dust_base-p=1,abandoned_wells_a.csv,2500,100,100,cosine,cosine,no,True,,0.0010105371475219727,0.14909346000832327,64.43,dust
dust_base-p=1,abandoned_wells_a.csv,2500,100,100,cosine,cosine,mix,True,,0.00040644407272338867,0.13555642304072693,64.43,dust
dust_base-p=1.5,abandoned_wells_a.csv,2500,100,100,cosine,cosine,yes,True,,0.00010851025581359863,0.13000447609856794,65.47,dust
dust_base-p=1.5,abandoned_wells_a.csv,2500,100,100,cosine,cosine,no,True,,0.0018721520900726318,0.15855478153986188,65.47,dust
dust_base-p=1.5,abandoned_wells_a.csv,2500,100,100,cosine,cosine,mix,True,,0.0018721520900726318,0.14489008593434616,65.47,dust
dust_base-p=2,abandoned_wells_a.csv,2500,100,100,cosine,cosine,yes,True,,0.00010851025581359863,0.13311416279761856,65.78,dust
dust_base-p=2,abandoned_wells_a.csv,2500,100,100,cosine,cosine,no,True,,0.0013843774795532227,0.16201300720952339,65.78,dust
dust_base-p=2,abandoned_wells_a.csv,2500,100,100,cosine,cosine,mix,True,,0.0013843774795532227,0.1490294013397714,65.78,dust
dust_base-p=2.5,abandoned_wells_a.csv,2500,100,100,cosine,cosine,yes,True,,0.00010851025581359863,0.1433649562689272,66.07,dust
dust_base-p=2.5,abandoned_wells_a.csv,2500,100,100,cosine,cosine,no,True,,0.0006770491600036621,0.17161185819372263,66.07,dust
dust_base-p=2.5,abandoned_wells_a.csv,2500,100,100,cosine,cosine,mix,True,,0.0006770491600036621,0.16267427024137956,66.07,dust
dust_base-p=3,abandoned_wells_a.csv,2500,100,100,cosine,cosine,yes,True,,0.00010851025581359863,0.14580642568118035,66.0,dust
dust_base-p=3,abandoned_wells_a.csv,2500,100,100,cosine,cosine,no,True,,0.0006770491600036621,0.17379884852118782,66.0,dust
dust_base-p=3,abandoned_wells_a.csv,2500,100,100,cosine,cosine,mix,True,,0.0006770491600036621,0.1659241191580242,66.0,dust
dust_base-p=3.5,abandoned_wells_a.csv,2500,100,100,cosine,cosine,yes,True,,0.00010851025581359863,0.14639228065753235,66.51,dust
dust_base-p=3.5,abandoned_wells_a.csv,2500,100,100,cosine,cosine,no,True,,0.000529170036315918,0.17350266097615605,66.51,dust
dust_base-p=3.5,abandoned_wells_a.csv,2500,100,100,cosine,cosine,mix,True,,0.000529170036315918,0.16670395287236567,66.51,dust
dust_base-p=4,abandoned_wells_a.csv,2500,100,100,cosine,cosine,yes,True,,0.00010851025581359863,0.15109038231338623,66.31,dust
dust_base-p=4,abandoned_wells_a.csv,2500,100,100,cosine,cosine,no,True,,0.0006770491600036621,0.17892015902789407,66.31,dust
dust_base-p=4,abandoned_wells_a.csv,2500,100,100,cosine,cosine,mix,True,,0.0006770491600036621,0.1729576132704588,66.31,dust
dust_base-p=4.5,abandoned_wells_a.csv,2500,100,100,cosine,cosine,yes,True,,0.00010851025581359863,0.15166092942434306,66.48,dust
dust_base-p=4.5,abandoned_wells_a.csv,2500,100,100,cosine,cosine,no,True,,0.00045418739318847656,0.1820039668056533,66.48,dust
dust_base-p=4.5,abandoned_wells_a.csv,2500,100,100,cosine,cosine,mix,True,,0.00045418739318847656,0.1737170706288562,66.48,dust
dust_base-p=5,abandoned_wells_a.csv,2500,100,100,cosine,cosine,yes,True,,0.00010851025581359863,0.15107532068549923,66.98,dust
dust_base-p=5,abandoned_wells_a.csv,2500,100,100,cosine,cosine,no,True,,0.00045418739318847656,0.18062984011639874,66.98,dust
dust_base-p=5,abandoned_wells_a.csv,2500,100,100,cosine,cosine,mix,True,,0.00045418739318847656,0.17293756468216775,66.98,dust
dust_base-p=1,immigration_records_a.csv,2500,100,100,cosine,cosine,yes,True,,1.1295080184936523e-05,0.09464535472133234,64.36,dust
dust_base-p=1,immigration_records_a.csv,2500,100,100,cosine,cosine,no,True,,0.0006557106971740723,0.1082727308249609,64.36,dust
dust_base-p=1,immigration_records_a.csv,2500,100,100,cosine,cosine,mix,True,,8.589029312133789e-05,0.12233485908282085,64.36,dust
dust_base-p=1.5,immigration_records_a.csv,2500,100,100,cosine,cosine,yes,True,,1.1295080184936523e-05,0.11123828029461354,64.79,dust
dust_base-p=1.5,immigration_records_a.csv,2500,100,100,cosine,cosine,no,True,,0.0004054605960845947,0.0864493142914455,64.79,dust
dust_base-p=1.5,immigration_records_a.csv,2500,100,100,cosine,cosine,mix,True,,0.0004054605960845947,0.14442176335762325,64.79,dust
dust_base-p=2,immigration_records_a.csv,2500,100,100,cosine,cosine,yes,True,,1.1295080184936523e-05,0.11849253903191444,76.96,dust
dust_base-p=2,immigration_records_a.csv,2500,100,100,cosine,cosine,no,True,,0.0005212724208831787,0.06860206876966086,76.96,dust
dust_base-p=2,immigration_records_a.csv,2500,100,100,cosine,cosine,mix,True,,0.0005212724208831787,0.15407793385075289,76.96,dust
dust_base-p=2.5,immigration_records_a.csv,2500,100,100,cosine,cosine,yes,True,,1.1295080184936523e-05,0.12755916798161532,66.18,dust
dust_base-p=2.5,immigration_records_a.csv,2500,100,100,cosine,cosine,no,True,,0.0003771781921386719,0.06565962059197553,66.18,dust
dust_base-p=2.5,immigration_records_a.csv,2500,100,100,cosine,cosine,mix,True,,0.0003771781921386719,0.16614655700119085,66.18,dust
dust_base-p=3,immigration_records_a.csv,2500,100,100,cosine,cosine,yes,True,,1.1295080184936523e-05,0.13155319887507738,65.65,dust
dust_base-p=3,immigration_records_a.csv,2500,100,100,cosine,cosine,no,True,,0.0004076957702636719,0.05268236629758971,65.65,dust
dust_base-p=3,immigration_records_a.csv,2500,100,100,cosine,cosine,mix,True,,0.0004076957702636719,0.17146302621723733,65.65,dust
dust_base-p=3.5,immigration_records_a.csv,2500,100,100,cosine,cosine,yes,True,,1.1295080184936523e-05,0.13364857698930618,66.07,dust
dust_base-p=3.5,immigration_records_a.csv,2500,100,100,cosine,cosine,no,True,,0.00021287798881530762,0.041645940673170664,66.07,dust
dust_base-p=3.5,immigration_records_a.csv,2500,100,100,cosine,cosine,mix,True,,0.00021287798881530762,0.1742521917338362,66.07,dust
dust_base-p=4,immigration_records_a.csv,2500,100,100,cosine,cosine,yes,True,,1.1295080184936523e-05,0.1369111473260112,66.39,dust
dust_base-p=4,immigration_records_a.csv,2500,100,100,cosine,cosine,no,True,,0.00021287798881530762,0.03716547781168812,66.39,dust
dust_base-p=4,immigration_records_a.csv,2500,100,100,cosine,cosine,mix,True,,0.00021287798881530762,0.17859501111179135,66.39,dust
dust_base-p=4.5,immigration_records_a.csv,2500,100,100,cosine,cosine,yes,True,,1.1295080184936523e-05,0.14124260823127488,66.81,dust
dust_base-p=4.5,immigration_records_a.csv,2500,100,100,cosine,cosine,no,True,,0.00021287798881530762,0.033775350770564996,66.81,dust
dust_base-p=4.5,immigration_records_a.csv,2500,100,100,cosine,cosine,mix,True,,0.00021287798881530762,0.1843606346579283,66.81,dust
dust_base-p=5,immigration_records_a.csv,2500,100,100,cosine,cosine,yes,True,,1.1295080184936523e-05,0.14261367027280192,67.31,dust
dust_base-p=5,immigration_records_a.csv,2500,100,100,cosine,cosine,no,True,,0.00021287798881530762,0.032716050563436565,67.31,dust
dust_base-p=5,immigration_records_a.csv,2500,100,100,cosine,cosine,mix,True,,0.00021287798881530762,0.18618566038544593,67.31,dust
dust_base-p=1,film_locations_in_san_francisco_a.csv,2500,100,100,cosine,cosine,yes,True,,-5.960464477539063e-08,0.1286368043784758,64.63,dust
dust_base-p=1,film_locations_in_san_francisco_a.csv,2500,100,100,cosine,cosine,no,True,,0.0012655854225158691,0.159245482288525,64.63,dust
dust_base-p=1,film_locations_in_san_francisco_a.csv,2500,100,100,cosine,cosine,mix,True,,0.00011897087097167969,0.1615741001020225,64.63,dust
dust_base-p=1.5,film_locations_in_san_francisco_a.csv,2500,100,100,cosine,cosine,yes,True,,-5.960464477539063e-08,0.1450139113574496,64.96,dust
dust_base-p=1.5,film_locations_in_san_francisco_a.csv,2500,100,100,cosine,cosine,no,True,,0.0011234581470489502,0.13576895192124402,64.96,dust
dust_base-p=1.5,film_locations_in_san_francisco_a.csv,2500,100,100,cosine,cosine,mix,True,,0.0011234581470489502,0.18337372745196087,64.96,dust
dust_base-p=2,film_locations_in_san_francisco_a.csv,2500,100,100,cosine,cosine,yes,True,,-5.960464477539063e-08,0.15490764866409706,65.14,dust
dust_base-p=2,film_locations_in_san_francisco_a.csv,2500,100,100,cosine,cosine,no,True,,0.0009482502937316895,0.1278695169439765,65.14,dust
dust_base-p=2,film_locations_in_san_francisco_a.csv,2500,100,100,cosine,cosine,mix,True,,0.0009482502937316895,0.19654331757920399,65.14,dust
dust_base-p=2.5,film_locations_in_san_francisco_a.csv,2500,100,100,cosine,cosine,yes,True,,-5.960464477539063e-08,0.1623664147969621,65.41,dust
dust_base-p=2.5,film_locations_in_san_francisco_a.csv,2500,100,100,cosine,cosine,no,True,,0.0009669661521911621,0.12273651593585846,65.41,dust
dust_base-p=2.5,film_locations_in_san_francisco_a.csv,2500,100,100,cosine,cosine,mix,True,,0.0009669661521911621,0.20647170861893738,65.41,dust
dust_base-p=3,film_locations_in_san_francisco_a.csv,2500,100,100,cosine,cosine,yes,True,,-5.960464477539063e-08,0.17310723940716846,65.77,dust
dust_base-p=3,film_locations_in_san_francisco_a.csv,2500,100,100,cosine,cosine,no,True,,0.0009347200393676758,0.11854666908967751,65.77,dust
dust_base-p=3,film_locations_in_san_francisco_a.csv,2500,100,100,cosine,cosine,mix,True,,0.0009347200393676758,0.22076885977232244,65.77,dust
dust_base-p=3.5,film_locations_in_san_francisco_a.csv,2500,100,100,cosine,cosine,yes,True,,-5.960464477539063e-08,0.17520048560742144,66.36,dust
dust_base-p=3.5,film_locations_in_san_francisco_a.csv,2500,100,100,cosine,cosine,no,True,,0.0009347200393676758,0.11935471346281995,66.36,dust
dust_base-p=3.5,film_locations_in_san_francisco_a.csv,2500,100,100,cosine,cosine,mix,True,,0.0009347200393676758,0.22355518749038494,66.36,dust
dust_base-p=4,film_locations_in_san_francisco_a.csv,2500,100,100,cosine,cosine,yes,True,,-5.960464477539063e-08,0.17572031900224847,66.29,dust
dust_base-p=4,film_locations_in_san_francisco_a.csv,2500,100,100,cosine,cosine,no,True,,0.0008988082408905029,0.10892252549660777,66.29,dust
dust_base-p=4,film_locations_in_san_francisco_a.csv,2500,100,100,cosine,cosine,mix,True,,0.0008988082408905029,0.22424713963466975,66.29,dust
dust_base-p=4.5,film_locations_in_san_francisco_a.csv,2500,100,100,cosine,cosine,yes,True,,-5.960464477539063e-08,0.17994030314548728,67.51,dust
dust_base-p=4.5,film_locations_in_san_francisco_a.csv,2500,100,100,cosine,cosine,no,True,,0.0009347200393676758,0.10970879907564571,67.51,dust
dust_base-p=4.5,film_locations_in_san_francisco_a.csv,2500,100,100,cosine,cosine,mix,True,,0.0009347200393676758,0.2298643760527602,67.51,dust
dust_base-p=5,film_locations_in_san_francisco_a.csv,2500,100,100,cosine,cosine,yes,True,,-5.960464477539063e-08,0.184045465201194,67.51,dust
dust_base-p=5,film_locations_in_san_francisco_a.csv,2500,100,100,cosine,cosine,no,True,,0.0005964040756225586,0.1058066326248265,67.51,dust
dust_base-p=5,film_locations_in_san_francisco_a.csv,2500,100,100,cosine,cosine,mix,True,,0.0005964040756225586,0.2353287723677143,67.51,dust
dust_base-p=1,psyckes_antipsychotic_polypharmacy_quality_indicators_beginning_2012_a.csv,2500,100,100,cosine,cosine,yes,True,,7.271766662597656e-06,0.11717966771689102,64.65,dust
dust_base-p=1,psyckes_antipsychotic_polypharmacy_quality_indicators_beginning_2012_a.csv,2500,100,100,cosine,cosine,no,True,,0.0012087225914001465,0.14436354189141548,64.65,dust
dust_base-p=1,psyckes_antipsychotic_polypharmacy_quality_indicators_beginning_2012_a.csv,2500,100,100,cosine,cosine,mix,True,,9.390711784362793e-05,0.1279308062859082,64.65,dust
dust_base-p=1.5,psyckes_antipsychotic_polypharmacy_quality_indicators_beginning_2012_a.csv,2500,100,100,cosine,cosine,yes,True,,7.271766662597656e-06,0.12781032553953792,65.8,dust
dust_base-p=1.5,psyckes_antipsychotic_polypharmacy_quality_indicators_beginning_2012_a.csv,2500,100,100,cosine,cosine,no,True,,0.0008225440979003906,0.15969154816845152,65.8,dust
dust_base-p=1.5,psyckes_antipsychotic_polypharmacy_quality_indicators_beginning_2012_a.csv,2500,100,100,cosine,cosine,mix,True,,0.0008225440979003906,0.14208131402307694,65.8,dust
dust_base-p=2,psyckes_antipsychotic_polypharmacy_quality_indicators_beginning_2012_a.csv,2500,100,100,cosine,cosine,yes,True,,7.271766662597656e-06,0.13087482385899812,65.76,dust
dust_base-p=2,psyckes_antipsychotic_polypharmacy_quality_indicators_beginning_2012_a.csv,2500,100,100,cosine,cosine,no,True,,0.0009146630764007568,0.16515446406885476,65.76,dust
dust_base-p=2,psyckes_antipsychotic_polypharmacy_quality_indicators_beginning_2012_a.csv,2500,100,100,cosine,cosine,mix,True,,0.0009146630764007568,0.14616047901018456,65.76,dust
dust_base-p=2.5,psyckes_antipsychotic_polypharmacy_quality_indicators_beginning_2012_a.csv,2500,100,100,cosine,cosine,yes,True,,7.271766662597656e-06,0.13444575340284343,65.77,dust
dust_base-p=2.5,psyckes_antipsychotic_polypharmacy_quality_indicators_beginning_2012_a.csv,2500,100,100,cosine,cosine,no,True,,0.0008062422275543213,0.16957086153429474,65.77,dust
dust_base-p=2.5,psyckes_antipsychotic_polypharmacy_quality_indicators_beginning_2012_a.csv,2500,100,100,cosine,cosine,mix,True,,0.0008062422275543213,0.150913756463196,65.77,dust
dust_base-p=3,psyckes_antipsychotic_polypharmacy_quality_indicators_beginning_2012_a.csv,2500,100,100,cosine,cosine,yes,True,,7.271766662597656e-06,0.13741365505186717,66.13,dust
dust_base-p=3,psyckes_antipsychotic_polypharmacy_quality_indicators_beginning_2012_a.csv,2500,100,100,cosine,cosine,no,True,,0.0008062422275543213,0.1735560721245286,66.13,dust
dust_base-p=3,psyckes_antipsychotic_polypharmacy_quality_indicators_beginning_2012_a.csv,2500,100,100,cosine,cosine,mix,True,,0.0008062422275543213,0.15486434126691323,66.13,dust
dust_base-p=3.5,psyckes_antipsychotic_polypharmacy_quality_indicators_beginning_2012_a.csv,2500,100,100,cosine,cosine,yes,True,,7.271766662597656e-06,0.1404842069423048,66.58,dust
dust_base-p=3.5,psyckes_antipsychotic_polypharmacy_quality_indicators_beginning_2012_a.csv,2500,100,100,cosine,cosine,no,True,,0.0008062422275543213,0.17231724433941845,66.58,dust
dust_base-p=3.5,psyckes_antipsychotic_polypharmacy_quality_indicators_beginning_2012_a.csv,2500,100,100,cosine,cosine,mix,True,,0.0008062422275543213,0.15895156418461948,66.58,dust
dust_base-p=4,psyckes_antipsychotic_polypharmacy_quality_indicators_beginning_2012_a.csv,2500,100,100,cosine,cosine,yes,True,,7.271766662597656e-06,0.14124088066767815,66.71,dust
dust_base-p=4,psyckes_antipsychotic_polypharmacy_quality_indicators_beginning_2012_a.csv,2500,100,100,cosine,cosine,no,True,,0.0008062422275543213,0.1742710829783233,66.71,dust
dust_base-p=4,psyckes_antipsychotic_polypharmacy_quality_indicators_beginning_2012_a.csv,2500,100,100,cosine,cosine,mix,True,,0.0008062422275543213,0.15995877536421346,66.71,dust
dust_base-p=4.5,psyckes_antipsychotic_polypharmacy_quality_indicators_beginning_2012_a.csv,2500,100,100,cosine,cosine,yes,True,,7.271766662597656e-06,0.1418565741344558,67.5,dust
dust_base-p=4.5,psyckes_antipsychotic_polypharmacy_quality_indicators_beginning_2012_a.csv,2500,100,100,cosine,cosine,no,True,,0.0008940398693084717,0.17342627292675258,67.5,dust
dust_base-p=4.5,psyckes_antipsychotic_polypharmacy_quality_indicators_beginning_2012_a.csv,2500,100,100,cosine,cosine,mix,True,,0.0008940398693084717,0.16077832720293422,67.5,dust
dust_base-p=5,psyckes_antipsychotic_polypharmacy_quality_indicators_beginning_2012_a.csv,2500,100,100,cosine,cosine,yes,True,,7.271766662597656e-06,0.14588268645087546,67.69,dust
dust_base-p=5,psyckes_antipsychotic_polypharmacy_quality_indicators_beginning_2012_a.csv,2500,100,100,cosine,cosine,no,True,,0.0008940398693084717,0.17633250798101022,67.69,dust
dust_base-p=5,psyckes_antipsychotic_polypharmacy_quality_indicators_beginning_2012_a.csv,2500,100,100,cosine,cosine,mix,True,,0.0008940398693084717,0.16613750011910486,67.69,dust
dust_base-p=1,report_card_discipline_for_2015_16_a.csv,2500,100,100,cosine,cosine,yes,True,,2.8401613235473633e-05,0.11531773236476721,64.66,dust
dust_base-p=1,report_card_discipline_for_2015_16_a.csv,2500,100,100,cosine,cosine,no,True,,0.0013328194618225098,0.14054202993440082,64.66,dust
dust_base-p=1,report_card_discipline_for_2015_16_a.csv,2500,100,100,cosine,cosine,mix,True,,3.892183303833008e-05,0.13202277711532753,64.66,dust
dust_base-p=1.5,report_card_discipline_for_2015_16_a.csv,2500,100,100,cosine,cosine,yes,True,,2.8401613235473633e-05,0.13266584197880105,65.08,dust
dust_base-p=1.5,report_card_discipline_for_2015_16_a.csv,2500,100,100,cosine,cosine,no,True,,0.0010301172733306885,0.15070084918772206,65.08,dust
dust_base-p=1.5,report_card_discipline_for_2015_16_a.csv,2500,100,100,cosine,cosine,mix,True,,0.0010301172733306885,0.1551149096450448,65.08,dust
dust_base-p=2,report_card_discipline_for_2015_16_a.csv,2500,100,100,cosine,cosine,yes,True,,2.8401613235473633e-05,0.14176051342528243,66.01,dust
dust_base-p=2,report_card_discipline_for_2015_16_a.csv,2500,100,100,cosine,cosine,no,True,,0.0005485117435455322,0.15285565827476658,66.01,dust
dust_base-p=2,report_card_discipline_for_2015_16_a.csv,2500,100,100,cosine,cosine,mix,True,,0.0005485117435455322,0.16722086026611366,66.01,dust
dust_base-p=2.5,report_card_discipline_for_2015_16_a.csv,2500,100,100,cosine,cosine,yes,True,,2.8401613235473633e-05,0.14647708067778764,65.98,dust
dust_base-p=2.5,report_card_discipline_for_2015_16_a.csv,2500,100,100,cosine,cosine,no,True,,0.0007956326007843018,0.1470427497182567,65.98,dust
dust_base-p=2.5,report_card_discipline_for_2015_16_a.csv,2500,100,100,cosine,cosine,mix,True,,0.0007956326007843018,0.173499100287843,65.98,dust
dust_base-p=3,report_card_discipline_for_2015_16_a.csv,2500,100,100,cosine,cosine,yes,True,,2.8401613235473633e-05,0.15003965305130015,65.93,dust
dust_base-p=3,report_card_discipline_for_2015_16_a.csv,2500,100,100,cosine,cosine,no,True,,0.00089225172996521,0.14730271063032124,65.93,dust
dust_base-p=3,report_card_discipline_for_2015_16_a.csv,2500,100,100,cosine,cosine,mix,True,,0.00089225172996521,0.17824125348067907,65.93,dust
dust_base-p=3.5,report_card_discipline_for_2015_16_a.csv,2500,100,100,cosine,cosine,yes,True,,2.8401613235473633e-05,0.15325743515596546,66.54,dust
dust_base-p=3.5,report_card_discipline_for_2015_16_a.csv,2500,100,100,cosine,cosine,no,True,,0.00037932395935058594,0.1479676060464981,66.54,dust
dust_base-p=3.5,report_card_discipline_for_2015_16_a.csv,2500,100,100,cosine,cosine,mix,True,,0.00037932395935058594,0.18252445507819343,66.54,dust
dust_base-p=4,report_card_discipline_for_2015_16_a.csv,2500,100,100,cosine,cosine,yes,True,,2.8401613235473633e-05,0.15712665363712014,66.96,dust
dust_base-p=4,report_card_discipline_for_2015_16_a.csv,2500,100,100,cosine,cosine,no,True,,0.00037932395935058594,0.14938964033051338,66.96,dust
dust_base-p=4,report_card_discipline_for_2015_16_a.csv,2500,100,100,cosine,cosine,mix,True,,0.00037932395935058594,0.18767478603304147,66.96,dust
dust_base-p=4.5,report_card_discipline_for_2015_16_a.csv,2500,100,100,cosine,cosine,yes,True,,2.8401613235473633e-05,0.15857401277990998,67.29,dust
dust_base-p=4.5,report_card_discipline_for_2015_16_a.csv,2500,100,100,cosine,cosine,no,True,,0.00037932395935058594,0.141748827205131,67.29,dust
dust_base-p=4.5,report_card_discipline_for_2015_16_a.csv,2500,100,100,cosine,cosine,mix,True,,0.00037932395935058594,0.18960137111274164,67.29,dust
dust_base-p=5,report_card_discipline_for_2015_16_a.csv,2500,100,100,cosine,cosine,yes,True,,2.8401613235473633e-05,0.159252012484565,67.35,dust
dust_base-p=5,report_card_discipline_for_2015_16_a.csv,2500,100,100,cosine,cosine,no,True,,0.00037932395935058594,0.14127642541198793,67.35,dust
dust_base-p=5,report_card_discipline_for_2015_16_a.csv,2500,100,100,cosine,cosine,mix,True,,0.00037932395935058594,0.19050385901392125,67.35,dust
dust_base-p=1,purchasing_card_a.csv,2500,100,100,cosine,cosine,yes,True,,5.6236982345581055e-05,0.13204763808603626,64.79,dust
dust_base-p=1,purchasing_card_a.csv,2500,100,100,cosine,cosine,no,True,,0.002852886915206909,0.1564482338529397,64.79,dust
dust_base-p=1,purchasing_card_a.csv,2500,100,100,cosine,cosine,mix,True,,0.00025922060012817383,0.1428527586577298,64.79,dust
dust_base-p=1.5,purchasing_card_a.csv,2500,100,100,cosine,cosine,yes,True,,5.6236982345581055e-05,0.1418969314387286,65.31,dust
dust_base-p=1.5,purchasing_card_a.csv,2500,100,100,cosine,cosine,no,True,,0.0032538771629333496,0.1682085812093492,65.31,dust
dust_base-p=1.5,purchasing_card_a.csv,2500,100,100,cosine,cosine,mix,True,,0.003225266933441162,0.1559631892743571,65.31,dust
dust_base-p=2,purchasing_card_a.csv,2500,100,100,cosine,cosine,yes,True,,5.6236982345581055e-05,0.14181926995564423,65.18,dust
dust_base-p=2,purchasing_card_a.csv,2500,100,100,cosine,cosine,no,True,,0.0015055537223815918,0.16439928613322843,65.18,dust
dust_base-p=2,purchasing_card_a.csv,2500,100,100,cosine,cosine,mix,True,,0.0015055537223815918,0.15585981378851232,65.18,dust
dust_base-p=2.5,purchasing_card_a.csv,2500,100,100,cosine,cosine,yes,True,,5.6236982345581055e-05,0.14162000622616744,64.76,dust
dust_base-p=2.5,purchasing_card_a.csv,2500,100,100,cosine,cosine,no,True,,0.0015055537223815918,0.16247340518077713,64.76,dust
dust_base-p=2.5,purchasing_card_a.csv,2500,100,100,cosine,cosine,mix,True,,0.0015055537223815918,0.15559457310512848,64.76,dust
dust_base-p=3,purchasing_card_a.csv,2500,100,100,cosine,cosine,yes,True,,5.6236982345581055e-05,0.14295376546664693,65.45,dust
dust_base-p=3,purchasing_card_a.csv,2500,100,100,cosine,cosine,no,True,,0.0014508962631225586,0.16383464788684077,65.45,dust
dust_base-p=3,purchasing_card_a.csv,2500,100,100,cosine,cosine,mix,True,,0.0014508962631225586,0.15736994493693732,65.45,dust
dust_base-p=3.5,purchasing_card_a.csv,2500,100,100,cosine,cosine,yes,True,,5.6236982345581055e-05,0.1415334186489134,65.99,dust
dust_base-p=3.5,purchasing_card_a.csv,2500,100,100,cosine,cosine,no,True,,0.0014508962631225586,0.15911126405157083,65.99,dust
dust_base-p=3.5,purchasing_card_a.csv,2500,100,100,cosine,cosine,mix,True,,0.0014508962631225586,0.15547931606249601,65.99,dust
dust_base-p=4,purchasing_card_a.csv,2500,100,100,cosine,cosine,yes,True,,5.6236982345581055e-05,0.14207846645460476,66.48,dust
dust_base-p=4,purchasing_card_a.csv,2500,100,100,cosine,cosine,no,True,,0.0014508962631225586,0.1590978306702766,66.48,dust
dust_base-p=4,purchasing_card_a.csv,2500,100,100,cosine,cosine,mix,True,,0.0014508962631225586,0.1562048312018444,66.48,dust
dust_base-p=4.5,purchasing_card_a.csv,2500,100,100,cosine,cosine,yes,True,,5.6236982345581055e-05,0.14264382626756472,66.6,dust
dust_base-p=4.5,purchasing_card_a.csv,2500,100,100,cosine,cosine,no,True,,0.0014899075031280518,0.16182744006820335,66.6,dust
dust_base-p=4.5,purchasing_card_a.csv,2500,100,100,cosine,cosine,mix,True,,0.0014899075031280518,0.15695738372879445,66.6,dust
dust_base-p=5,purchasing_card_a.csv,2500,100,100,cosine,cosine,yes,True,,5.6236982345581055e-05,0.14022506886934505,67.2,dust
dust_base-p=5,purchasing_card_a.csv,2500,100,100,cosine,cosine,no,True,,0.0012171268463134766,0.15629254646172436,67.2,dust
dust_base-p=5,purchasing_card_a.csv,2500,100,100,cosine,cosine,mix,True,,0.0012171268463134766,0.15373776685758564,67.2,dust
dust_base-p=1,minister_meetings_a.csv,1189,17,100,cosine,cosine,yes,True,,0.00021630525588989258,0.08848107757714911,14.9,dust
dust_base-p=1,minister_meetings_a.csv,1189,17,100,cosine,cosine,no,True,,0.00045675039291381836,0.0914953726157546,14.9,dust
dust_base-p=1,minister_meetings_a.csv,1189,17,100,cosine,cosine,mix,True,,0.00021630525588989258,0.08934977300885252,14.9,dust
dust_base-p=1.5,minister_meetings_a.csv,1189,17,100,cosine,cosine,yes,True,,0.0002626180648803711,0.08913899541165786,15.24,dust
dust_base-p=1.5,minister_meetings_a.csv,1189,17,100,cosine,cosine,no,True,,0.0008467137813568115,0.0895162970900084,15.24,dust
dust_base-p=1.5,minister_meetings_a.csv,1189,17,100,cosine,cosine,mix,True,,0.0008467137813568115,0.09002114600508956,15.24,dust
dust_base-p=2,minister_meetings_a.csv,1189,17,100,cosine,cosine,yes,True,,0.0002626180648803711,0.08850203529757857,15.42,dust
dust_base-p=2,minister_meetings_a.csv,1189,17,100,cosine,cosine,no,True,,0.0008312761783599854,0.08632003379063775,15.42,dust
dust_base-p=2,minister_meetings_a.csv,1189,17,100,cosine,cosine,mix,True,,0.0008312761783599854,0.08937115933830128,15.42,dust
dust_base-p=2.5,minister_meetings_a.csv,1189,17,100,cosine,cosine,yes,True,,0.0002626180648803711,0.08980760232603352,15.63,dust
dust_base-p=2.5,minister_meetings_a.csv,1189,17,100,cosine,cosine,no,True,,0.0006503164768218994,0.08687204966829581,15.63,dust
dust_base-p=2.5,minister_meetings_a.csv,1189,17,100,cosine,cosine,mix,True,,0.0006503164768218994,0.09070342668493216,15.63,dust
dust_base-p=3,minister_meetings_a.csv,1189,17,100,cosine,cosine,yes,True,,0.0002626180648803711,0.08943155276592664,15.96,dust
dust_base-p=3,minister_meetings_a.csv,1189,17,100,cosine,cosine,no,True,,0.0007036328315734863,0.08464626932535509,15.96,dust
dust_base-p=3,minister_meetings_a.csv,1189,17,100,cosine,cosine,mix,True,,0.0007036328315734863,0.09031968648720505,15.96,dust
dust_base-p=3.5,minister_meetings_a.csv,1189,17,100,cosine,cosine,yes,True,,0.0002626180648803711,0.08864480661842593,16.28,dust
dust_base-p=3.5,minister_meetings_a.csv,1189,17,100,cosine,cosine,no,True,,0.0005780458450317383,0.08317695977109851,16.28,dust
dust_base-p=3.5,minister_meetings_a.csv,1189,17,100,cosine,cosine,mix,True,,0.0005780458450317383,0.08951685049368027,16.28,dust
dust_base-p=4,minister_meetings_a.csv,1189,17,100,cosine,cosine,yes,True,,0.0002626180648803711,0.08930984242922729,16.74,dust
dust_base-p=4,minister_meetings_a.csv,1189,17,100,cosine,cosine,no,True,,0.0005780458450317383,0.08313702038065954,16.74,dust
dust_base-p=4,minister_meetings_a.csv,1189,17,100,cosine,cosine,mix,True,,0.0005780458450317383,0.09019548703685291,16.74,dust
dust_base-p=4.5,minister_meetings_a.csv,1189,17,100,cosine,cosine,yes,True,,0.0002626180648803711,0.0894646540864964,17.03,dust
dust_base-p=4.5,minister_meetings_a.csv,1189,17,100,cosine,cosine,no,True,,0.0005780458450317383,0.08285125545103743,17.03,dust
dust_base-p=4.5,minister_meetings_a.csv,1189,17,100,cosine,cosine,mix,True,,0.0005780458450317383,0.09035346476711277,17.03,dust
dust_base-p=5,minister_meetings_a.csv,1189,17,100,cosine,cosine,yes,True,,0.0002626180648803711,0.08870422815140408,17.32,dust
dust_base-p=5,minister_meetings_a.csv,1189,17,100,cosine,cosine,no,True,,0.0005780458450317383,0.08177730993113734,17.32,dust
dust_base-p=5,minister_meetings_a.csv,1189,17,100,cosine,cosine,mix,True,,0.0005780458450317383,0.08957748726402458,17.32,dust
dust_base-p=1,lane_description_a.csv,2500,100,100,cosine,cosine,yes,True,,4.082918167114258e-06,0.07413369664604116,65.15,dust
dust_base-p=1,lane_description_a.csv,2500,100,100,cosine,cosine,no,True,,0.0005453228950500488,0.07851007616166214,65.15,dust
dust_base-p=1,lane_description_a.csv,2500,100,100,cosine,cosine,mix,True,,5.748867988586426e-05,0.08614400252961495,65.15,dust
dust_base-p=1.5,lane_description_a.csv,2500,100,100,cosine,cosine,yes,True,,4.082918167114258e-06,0.08239689633746318,65.71,dust
dust_base-p=1.5,lane_description_a.csv,2500,100,100,cosine,cosine,no,True,,0.0004583299160003662,0.07661010900418265,65.71,dust
dust_base-p=1.5,lane_description_a.csv,2500,100,100,cosine,cosine,mix,True,,0.0004583299160003662,0.09714317803859811,65.71,dust
dust_base-p=2,lane_description_a.csv,2500,100,100,cosine,cosine,yes,True,,4.082918167114258e-06,0.08759496599267326,65.29,dust
dust_base-p=2,lane_description_a.csv,2500,100,100,cosine,cosine,no,True,,0.0003019571304321289,0.08007995880086614,65.29,dust
dust_base-p=2,lane_description_a.csv,2500,100,100,cosine,cosine,mix,True,,0.0003019571304321289,0.10406234767998142,65.29,dust
dust_base-p=2.5,lane_description_a.csv,2500,100,100,cosine,cosine,yes,True,,4.082918167114258e-06,0.0885962433509304,66.1,dust
dust_base-p=2.5,lane_description_a.csv,2500,100,100,cosine,cosine,no,True,,0.0003019571304321289,0.0728631223388242,66.1,dust
dust_base-p=2.5,lane_description_a.csv,2500,100,100,cosine,cosine,mix,True,,0.0003019571304321289,0.10539515165518658,66.1,dust
dust_base-p=3,lane_description_a.csv,2500,100,100,cosine,cosine,yes,True,,4.082918167114258e-06,0.09620389265752392,66.25,dust
dust_base-p=3,lane_description_a.csv,2500,100,100,cosine,cosine,no,True,,0.00033912062644958496,0.07734280857737318,66.25,dust
dust_base-p=3,lane_description_a.csv,2500,100,100,cosine,cosine,mix,True,,0.00033912062644958496,0.1155217216352007,66.25,dust
dust_base-p=3.5,lane_description_a.csv,2500,100,100,cosine,cosine,yes,True,,4.082918167114258e-06,0.09817306646824482,66.82,dust
dust_base-p=3.5,lane_description_a.csv,2500,100,100,cosine,cosine,no,True,,0.0002098381519317627,0.07922343283665903,66.82,dust
dust_base-p=3.5,lane_description_a.csv,2500,100,100,cosine,cosine,mix,True,,0.0002098381519317627,0.11814289613910343,66.82,dust
dust_base-p=4,lane_description_a.csv,2500,100,100,cosine,cosine,yes,True,,4.082918167114258e-06,0.10065509148541107,67.06,dust
dust_base-p=4,lane_description_a.csv,2500,100,100,cosine,cosine,no,True,,0.0002810359001159668,0.08050757119977715,67.06,dust
dust_base-p=4,lane_description_a.csv,2500,100,100,cosine,cosine,mix,True,,0.0002810359001159668,0.12144672877064916,67.06,dust
dust_base-p=4.5,lane_description_a.csv,2500,100,100,cosine,cosine,yes,True,,4.082918167114258e-06,0.10117308832261297,67.5,dust
dust_base-p=4.5,lane_description_a.csv,2500,100,100,cosine,cosine,no,True,,0.0002810359001159668,0.07934334528363178,67.5,dust
dust_base-p=4.5,lane_description_a.csv,2500,100,100,cosine,cosine,mix,True,,0.0002810359001159668,0.12213623626632257,67.5,dust
dust_base-p=5,lane_description_a.csv,2500,100,100,cosine,cosine,yes,True,,4.082918167114258e-06,0.10298454579299061,67.56,dust
dust_base-p=5,lane_description_a.csv,2500,100,100,cosine,cosine,no,True,,0.0002810359001159668,0.07986776689522561,67.56,dust
dust_base-p=5,lane_description_a.csv,2500,100,100,cosine,cosine,mix,True,,0.0002810359001159668,0.12454747396936705,67.56,dust
dust_base-p=1,lane_description_b.csv,2500,100,100,cosine,cosine,yes,True,,1.9371509552001953e-06,0.09225655600315968,65.07,dust
dust_base-p=1,lane_description_b.csv,2500,100,100,cosine,cosine,no,True,,0.0005372464656829834,0.07791007397134289,65.07,dust
dust_base-p=1,lane_description_b.csv,2500,100,100,cosine,cosine,mix,True,,4.121661186218262e-05,0.11399668835825753,65.07,dust
dust_base-p=1.5,lane_description_b.csv,2500,100,100,cosine,cosine,yes,True,,1.9371509552001953e-06,0.10703123990751992,65.97,dust
dust_base-p=1.5,lane_description_b.csv,2500,100,100,cosine,cosine,no,True,,0.00039437413215637207,0.0647519593001014,65.97,dust
dust_base-p=1.5,lane_description_b.csv,2500,100,100,cosine,cosine,mix,True,,0.00039437413215637207,0.13366332445837587,65.97,dust
dust_base-p=2,lane_description_b.csv,2500,100,100,cosine,cosine,yes,True,,1.9371509552001953e-06,0.11051459713740422,66.63,dust
dust_base-p=2,lane_description_b.csv,2500,100,100,cosine,cosine,no,True,,0.00031188130378723145,0.06223445963377904,66.63,dust
dust_base-p=2,lane_description_b.csv,2500,100,100,cosine,cosine,mix,True,,0.00031188130378723145,0.13830003408210143,66.63,dust
dust_base-p=2.5,lane_description_b.csv,2500,100,100,cosine,cosine,yes,True,,1.9371509552001953e-06,0.11118447404888039,66.73,dust
dust_base-p=2.5,lane_description_b.csv,2500,100,100,cosine,cosine,no,True,,0.00017324090003967285,0.0628120638550532,66.73,dust
dust_base-p=2.5,lane_description_b.csv,2500,100,100,cosine,cosine,mix,True,,0.00017324090003967285,0.13919170970339748,66.73,dust
dust_base-p=3,lane_description_b.csv,2500,100,100,cosine,cosine,yes,True,,1.9371509552001953e-06,0.11378078680419675,66.75,dust
dust_base-p=3,lane_description_b.csv,2500,100,100,cosine,cosine,no,True,,0.00017324090003967285,0.05941182003328294,66.75,dust
dust_base-p=3,lane_description_b.csv,2500,100,100,cosine,cosine,mix,True,,0.00017324090003967285,0.14264767116365135,66.75,dust
dust_base-p=3.5,lane_description_b.csv,2500,100,100,cosine,cosine,yes,True,,1.9371509552001953e-06,0.11336301109907697,66.71,dust
dust_base-p=3.5,lane_description_b.csv,2500,100,100,cosine,cosine,no,True,,0.000229567289352417,0.0606694094972177,66.71,dust
dust_base-p=3.5,lane_description_b.csv,2500,100,100,cosine,cosine,mix,True,,0.000229567289352417,0.14209156838559894,66.71,dust
dust_base-p=4,lane_description_b.csv,2500,100,100,cosine,cosine,yes,True,,1.9371509552001953e-06,0.11712664308956,66.79,dust
dust_base-p=4,lane_description_b.csv,2500,100,100,cosine,cosine,no,True,,0.00025966763496398926,0.062139223067823685,66.79,dust
dust_base-p=4,lane_description_b.csv,2500,100,100,cosine,cosine,mix,True,,0.00025966763496398926,0.14710135277426867,66.79,dust
dust_base-p=4.5,lane_description_b.csv,2500,100,100,cosine,cosine,yes,True,,1.9371509552001953e-06,0.11530861805790413,67.09,dust
dust_base-p=4.5,lane_description_b.csv,2500,100,100,cosine,cosine,no,True,,0.00025966763496398926,0.05939853294216322,67.09,dust
dust_base-p=4.5,lane_description_b.csv,2500,100,100,cosine,cosine,mix,True,,0.00025966763496398926,0.14468137296624514,67.09,dust
dust_base-p=5,lane_description_b.csv,2500,100,100,cosine,cosine,yes,True,,1.9371509552001953e-06,0.11631330873340429,67.9,dust
dust_base-p=5,lane_description_b.csv,2500,100,100,cosine,cosine,no,True,,0.00025966763496398926,0.06285881390390598,67.9,dust
dust_base-p=5,lane_description_b.csv,2500,100,100,cosine,cosine,mix,True,,0.00025966763496398926,0.14601872042058983,67.9,dust
dust_base-p=1,mines_a.csv,2500,100,100,cosine,cosine,yes,True,,2.3603439331054688e-05,0.047723071663935863,64.49,dust
dust_base-p=1,mines_a.csv,2500,100,100,cosine,cosine,no,True,,0.0011425614356994629,0.07214974550083468,64.49,dust
dust_base-p=1,mines_a.csv,2500,100,100,cosine,cosine,mix,True,,2.3603439331054688e-05,0.0590349541963849,64.49,dust
dust_base-p=1.5,mines_a.csv,2500,100,100,cosine,cosine,yes,True,,3.746151924133301e-05,0.05181839282417625,65.17,dust
dust_base-p=1.5,mines_a.csv,2500,100,100,cosine,cosine,no,True,,0.0007986128330230713,0.07638019170372211,65.17,dust
dust_base-p=1.5,mines_a.csv,2500,100,100,cosine,cosine,mix,True,,0.0007986128330230713,0.0644862512591798,65.17,dust
dust_base-p=2,mines_a.csv,2500,100,100,cosine,cosine,yes,True,,3.746151924133301e-05,0.055773341069574205,64.82,dust
dust_base-p=2,mines_a.csv,2500,100,100,cosine,cosine,no,True,,0.0005202591419219971,0.079582239142525,64.82,dust
dust_base-p=2,mines_a.csv,2500,100,100,cosine,cosine,mix,True,,0.0005202591419219971,0.06975069741860583,64.82,dust
dust_base-p=2.5,mines_a.csv,2500,100,100,cosine,cosine,yes,True,,3.746151924133301e-05,0.05652495335292916,65.28,dust
dust_base-p=2.5,mines_a.csv,2500,100,100,cosine,cosine,no,True,,0.000636667013168335,0.0792189700176676,65.28,dust
dust_base-p=2.5,mines_a.csv,2500,100,100,cosine,cosine,mix,True,,0.000636667013168335,0.07075117129410842,65.28,dust
dust_base-p=3,mines_a.csv,2500,100,100,cosine,cosine,yes,True,,3.746151924133301e-05,0.057230480941279846,65.75,dust
dust_base-p=3,mines_a.csv,2500,100,100,cosine,cosine,no,True,,0.00039833784103393555,0.08006554066057721,65.75,dust
dust_base-p=3,mines_a.csv,2500,100,100,cosine,cosine,mix,True,,0.00039833784103393555,0.07169030166254846,65.75,dust
dust_base-p=3.5,mines_a.csv,2500,100,100,cosine,cosine,yes,True,,3.746151924133301e-05,0.057601355330462234,65.78,dust
dust_base-p=3.5,mines_a.csv,2500,100,100,cosine,cosine,no,True,,0.00039833784103393555,0.0800058731931083,65.78,dust
dust_base-p=3.5,mines_a.csv,2500,100,100,cosine,cosine,mix,True,,0.00039833784103393555,0.07218397392640996,65.78,dust
dust_base-p=4,mines_a.csv,2500,100,100,cosine,cosine,yes,True,,3.746151924133301e-05,0.05864850517429339,65.96,dust
dust_base-p=4,mines_a.csv,2500,100,100,cosine,cosine,no,True,,0.0007868409156799316,0.08158831125233473,65.96,dust
dust_base-p=4,mines_a.csv,2500,100,100,cosine,cosine,mix,True,,0.0007868409156799316,0.07357783893592434,65.96,dust
dust_base-p=4.5,mines_a.csv,2500,100,100,cosine,cosine,yes,True,,3.746151924133301e-05,0.058422188503289216,66.97,dust
dust_base-p=4.5,mines_a.csv,2500,100,100,cosine,cosine,no,True,,0.000644981861114502,0.07910001394569384,66.97,dust
dust_base-p=4.5,mines_a.csv,2500,100,100,cosine,cosine,mix,True,,0.000644981861114502,0.07327658798254755,66.97,dust
dust_base-p=5,mines_a.csv,2500,100,100,cosine,cosine,yes,True,,3.746151924133301e-05,0.05850787966822487,66.95,dust
dust_base-p=5,mines_a.csv,2500,100,100,cosine,cosine,no,True,,0.00027996301651000977,0.07897911188122111,66.95,dust
dust_base-p=5,mines_a.csv,2500,100,100,cosine,cosine,mix,True,,0.00027996301651000977,0.07339065180744518,66.95,dust
dust_base-p=1,mines_b.csv,2500,100,100,cosine,cosine,yes,True,,3.5762786865234375e-06,0.05618263952569783,64.51,dust
dust_base-p=1,mines_b.csv,2500,100,100,cosine,cosine,no,True,,0.0008186101913452148,0.07043863677335056,64.51,dust
dust_base-p=1,mines_b.csv,2500,100,100,cosine,cosine,mix,True,,0.00023791193962097168,0.06812361492790954,64.51,dust
dust_base-p=1.5,mines_b.csv,2500,100,100,cosine,cosine,yes,True,,3.5762786865234375e-06,0.06292115831181369,64.06,dust
dust_base-p=1.5,mines_b.csv,2500,100,100,cosine,cosine,no,True,,0.0009643137454986572,0.07500579867267398,64.06,dust
dust_base-p=1.5,mines_b.csv,2500,100,100,cosine,cosine,mix,True,,0.0009643137454986572,0.0770932820746457,64.06,dust
dust_base-p=2,mines_b.csv,2500,100,100,cosine,cosine,yes,True,,3.5762786865234375e-06,0.06619126381179383,64.98,dust
dust_base-p=2,mines_b.csv,2500,100,100,cosine,cosine,no,True,,0.0008680522441864014,0.07683262584881499,64.98,dust
dust_base-p=2,mines_b.csv,2500,100,100,cosine,cosine,mix,True,,0.0008680522441864014,0.08144613153615773,64.98,dust
dust_base-p=2.5,mines_b.csv,2500,100,100,cosine,cosine,yes,True,,3.5762786865234375e-06,0.0679244515644714,65.15,dust
dust_base-p=2.5,mines_b.csv,2500,100,100,cosine,cosine,no,True,,0.0006690323352813721,0.07581566874370581,65.15,dust
dust_base-p=2.5,mines_b.csv,2500,100,100,cosine,cosine,mix,True,,0.0006690323352813721,0.08375318413002286,65.15,dust
dust_base-p=3,mines_b.csv,2500,100,100,cosine,cosine,yes,True,,3.5762786865234375e-06,0.06804218948650263,65.43,dust
dust_base-p=3,mines_b.csv,2500,100,100,cosine,cosine,no,True,,0.0005251169204711914,0.07437328745601604,65.43,dust
dust_base-p=3,mines_b.csv,2500,100,100,cosine,cosine,mix,True,,0.0005251169204711914,0.08390990551118817,65.43,dust
dust_base-p=3.5,mines_b.csv,2500,100,100,cosine,cosine,yes,True,,3.5762786865234375e-06,0.06880115119857368,66.14,dust
dust_base-p=3.5,mines_b.csv,2500,100,100,cosine,cosine,no,True,,0.0005251169204711914,0.07526416623663872,66.14,dust
dust_base-p=3.5,mines_b.csv,2500,100,100,cosine,cosine,mix,True,,0.0005251169204711914,0.08492016223829277,66.14,dust
dust_base-p=4,mines_b.csv,2500,100,100,cosine,cosine,yes,True,,3.5762786865234375e-06,0.06982083275628712,66.28,dust
dust_base-p=4,mines_b.csv,2500,100,100,cosine,cosine,no,True,,0.00038740038871765137,0.07424665023864369,66.28,dust
dust_base-p=4,mines_b.csv,2500,100,100,cosine,cosine,mix,True,,0.00038740038871765137,0.08627746411110197,66.28,dust
dust_base-p=4.5,mines_b.csv,2500,100,100,cosine,cosine,yes,True,,3.5762786865234375e-06,0.07004590828903019,66.62,dust
dust_base-p=4.5,mines_b.csv,2500,100,100,cosine,cosine,no,True,,0.00034925341606140137,0.07428249432865267,66.62,dust
dust_base-p=4.5,mines_b.csv,2500,100,100,cosine,cosine,mix,True,,0.00034925341606140137,0.08657706298077336,66.62,dust
dust_base-p=5,mines_b.csv,2500,100,100,cosine,cosine,yes,True,,3.5762786865234375e-06,0.07042631486079763,67.24,dust
dust_base-p=5,mines_b.csv,2500,100,100,cosine,cosine,no,True,,0.00034925341606140137,0.07398354124672937,67.24,dust
dust_base-p=5,mines_b.csv,2500,100,100,cosine,cosine,mix,True,,0.00034925341606140137,0.08708342356794205,67.24,dust
dust_base-p=1,prescribing_a.csv,2500,100,100,cosine,cosine,yes,True,,4.8160552978515625e-05,0.09210185851202693,64.94,dust
dust_base-p=1,prescribing_a.csv,2500,100,100,cosine,cosine,no,True,,0.001302868127822876,0.11854248598610719,64.94,dust
dust_base-p=1,prescribing_a.csv,2500,100,100,cosine,cosine,mix,True,,0.00031748414039611816,0.101378454112901,64.94,dust
dust_base-p=1.5,prescribing_a.csv,2500,100,100,cosine,cosine,yes,True,,4.8160552978515625e-05,0.09954113477921896,65.06,dust
dust_base-p=1.5,prescribing_a.csv,2500,100,100,cosine,cosine,no,True,,0.0009491443634033203,0.13292850602065998,65.06,dust
dust_base-p=1.5,prescribing_a.csv,2500,100,100,cosine,cosine,mix,True,,0.0009491443634033203,0.11128090212073521,65.06,dust
dust_base-p=2,prescribing_a.csv,2500,100,100,cosine,cosine,yes,True,,4.8160552978515625e-05,0.10471397443759037,65.7,dust
dust_base-p=2,prescribing_a.csv,2500,100,100,cosine,cosine,no,True,,0.0007317066192626953,0.14165303885796804,65.7,dust
dust_base-p=2,prescribing_a.csv,2500,100,100,cosine,cosine,mix,True,,0.0007317066192626953,0.1181664880205072,65.7,dust
dust_base-p=2.5,prescribing_a.csv,2500,100,100,cosine,cosine,yes,True,,4.8160552978515625e-05,0.10866853265411335,66.05,dust
dust_base-p=2.5,prescribing_a.csv,2500,100,100,cosine,cosine,no,True,,0.0007317066192626953,0.14977733662366666,66.05,dust
dust_base-p=2.5,prescribing_a.csv,2500,100,100,cosine,cosine,mix,True,,0.0007317066192626953,0.12343041501106285,66.05,dust
dust_base-p=3,prescribing_a.csv,2500,100,100,cosine,cosine,yes,True,,4.8160552978515625e-05,0.11385062546776689,66.08,dust
dust_base-p=3,prescribing_a.csv,2500,100,100,cosine,cosine,no,True,,0.0007844865322113037,0.15894055544098867,66.08,dust
dust_base-p=3,prescribing_a.csv,2500,100,100,cosine,cosine,mix,True,,0.0007844865322113037,0.13032831781987259,66.08,dust
dust_base-p=3.5,prescribing_a.csv,2500,100,100,cosine,cosine,yes,True,,4.8160552978515625e-05,0.11403186903384002,66.86,dust
dust_base-p=3.5,prescribing_a.csv,2500,100,100,cosine,cosine,no,True,,0.0004342198371887207,0.15877930808235008,66.86,dust
dust_base-p=3.5,prescribing_a.csv,2500,100,100,cosine,cosine,mix,True,,0.0004342198371887207,0.13056957179745488,66.86,dust
dust_base-p=4,prescribing_a.csv,2500,100,100,cosine,cosine,yes,True,,4.8160552978515625e-05,0.11750412579276892,67.04,dust
dust_base-p=4,prescribing_a.csv,2500,100,100,cosine,cosine,no,True,,0.00021117925643920898,0.1651834708123557,67.04,dust
dust_base-p=4,prescribing_a.csv,2500,100,100,cosine,cosine,mix,True,,0.00021117925643920898,0.13519150554345388,67.04,dust
dust_base-p=4.5,prescribing_a.csv,2500,100,100,cosine,cosine,yes,True,,4.8160552978515625e-05,0.11997026498015881,67.06,dust
dust_base-p=4.5,prescribing_a.csv,2500,100,100,cosine,cosine,no,True,,0.00021117925643920898,0.16974574941749015,67.06,dust
dust_base-p=4.5,prescribing_a.csv,2500,100,100,cosine,cosine,mix,True,,0.00021117925643920898,0.13847419248854143,67.06,dust
dust_base-p=5,prescribing_a.csv,2500,100,100,cosine,cosine,yes,True,,4.8160552978515625e-05,0.12170522486884834,67.41,dust
dust_base-p=5,prescribing_a.csv,2500,100,100,cosine,cosine,no,True,,0.00021117925643920898,0.1734484431859796,67.41,dust
dust_base-p=5,prescribing_a.csv,2500,100,100,cosine,cosine,mix,True,,0.00021117925643920898,0.14078360397917164,67.41,dust
dust_base-p=1,prescribing_b.csv,2500,100,100,cosine,cosine,yes,True,,6.86943531036377e-05,0.09456049612086224,65.3,dust
dust_base-p=1,prescribing_b.csv,2500,100,100,cosine,cosine,no,True,,0.0010808110237121582,0.10395894214309837,65.3,dust
dust_base-p=1,prescribing_b.csv,2500,100,100,cosine,cosine,mix,True,,9.846687316894531e-05,0.10053415046195752,65.3,dust
dust_base-p=1.5,prescribing_b.csv,2500,100,100,cosine,cosine,yes,True,,6.86943531036377e-05,0.09586921615860956,65.21,dust
dust_base-p=1.5,prescribing_b.csv,2500,100,100,cosine,cosine,no,True,,0.00036332011222839355,0.1000232589155341,65.21,dust
dust_base-p=1.5,prescribing_b.csv,2500,100,100,cosine,cosine,mix,True,,0.00036332011222839355,0.10227619251889208,65.21,dust
dust_base-p=2,prescribing_b.csv,2500,100,100,cosine,cosine,yes,True,,6.86943531036377e-05,0.09736935823610841,65.43,dust
dust_base-p=2,prescribing_b.csv,2500,100,100,cosine,cosine,no,True,,0.00036332011222839355,0.0977791600359114,65.43,dust
dust_base-p=2,prescribing_b.csv,2500,100,100,cosine,cosine,mix,True,,0.00036332011222839355,0.10427303715716815,65.43,dust
dust_base-p=2.5,prescribing_b.csv,2500,100,100,cosine,cosine,yes,True,,6.86943531036377e-05,0.10083838856296376,66.3,dust
dust_base-p=2.5,prescribing_b.csv,2500,100,100,cosine,cosine,no,True,,0.0005884766578674316,0.10262211261027712,66.3,dust
dust_base-p=2.5,prescribing_b.csv,2500,100,100,cosine,cosine,mix,True,,0.0005884766578674316,0.10889067618756422,66.3,dust
dust_base-p=3,prescribing_b.csv,2500,100,100,cosine,cosine,yes,True,,6.86943531036377e-05,0.10063902691657109,66.2,dust
dust_base-p=3,prescribing_b.csv,2500,100,100,cosine,cosine,no,True,,0.0006438195705413818,0.10146173330413112,66.2,dust
dust_base-p=3,prescribing_b.csv,2500,100,100,cosine,cosine,mix,True,,0.0006438195705413818,0.10862530516661345,66.2,dust
dust_base-p=3.5,prescribing_b.csv,2500,100,100,cosine,cosine,yes,True,,6.86943531036377e-05,0.09898398296029749,66.82,dust
dust_base-p=3.5,prescribing_b.csv,2500,100,100,cosine,cosine,no,True,,0.0006438195705413818,0.09740821437584471,66.82,dust
dust_base-p=3.5,prescribing_b.csv,2500,100,100,cosine,cosine,mix,True,,0.0006438195705413818,0.10642227006762718,66.82,dust
dust_base-p=4,prescribing_b.csv,2500,100,100,cosine,cosine,yes,True,,6.86943531036377e-05,0.09893415872949168,67.04,dust
dust_base-p=4,prescribing_b.csv,2500,100,100,cosine,cosine,no,True,,0.0006438195705413818,0.09719020122919711,67.04,dust
dust_base-p=4,prescribing_b.csv,2500,100,100,cosine,cosine,mix,True,,0.0006438195705413818,0.10635594885070172,67.04,dust
dust_base-p=4.5,prescribing_b.csv,2500,100,100,cosine,cosine,yes,True,,6.86943531036377e-05,0.09901806996608781,67.44,dust
dust_base-p=4.5,prescribing_b.csv,2500,100,100,cosine,cosine,no,True,,0.0006438195705413818,0.09856589219260095,67.44,dust
dust_base-p=4.5,prescribing_b.csv,2500,100,100,cosine,cosine,mix,True,,0.0006438195705413818,0.10646764340643837,67.44,dust
dust_base-p=5,prescribing_b.csv,2500,100,100,cosine,cosine,yes,True,,6.86943531036377e-05,0.10192247344909854,67.87,dust
dust_base-p=5,prescribing_b.csv,2500,100,100,cosine,cosine,no,True,,0.0005280077457427979,0.09931479182169593,67.87,dust
dust_base-p=5,prescribing_b.csv,2500,100,100,cosine,cosine,mix,True,,0.0005280077457427979,0.11033370556777038,67.87,dust
dust_base-p=1,practice_reference_a.csv,2500,100,100,cosine,cosine,yes,True,,7.233023643493652e-05,0.09868803871264792,64.7,dust
dust_base-p=1,practice_reference_a.csv,2500,100,100,cosine,cosine,no,True,,0.0011577010154724121,0.12628302775466851,64.7,dust
dust_base-p=1,practice_reference_a.csv,2500,100,100,cosine,cosine,mix,True,,0.0002739131450653076,0.10812937360858649,64.7,dust
dust_base-p=1.5,practice_reference_a.csv,2500,100,100,cosine,cosine,yes,True,,7.233023643493652e-05,0.10643614942015979,65.45,dust
dust_base-p=1.5,practice_reference_a.csv,2500,100,100,cosine,cosine,no,True,,0.0009309351444244385,0.14087585281417528,65.45,dust
dust_base-p=1.5,practice_reference_a.csv,2500,100,100,cosine,cosine,mix,True,,0.0009309351444244385,0.11844291227611065,65.45,dust
dust_base-p=2,practice_reference_a.csv,2500,100,100,cosine,cosine,yes,True,,7.233023643493652e-05,0.11008792096976587,65.44,dust
dust_base-p=2,practice_reference_a.csv,2500,100,100,cosine,cosine,no,True,,0.0009309351444244385,0.1476096649721325,65.44,dust
dust_base-p=2,practice_reference_a.csv,2500,100,100,cosine,cosine,mix,True,,0.0009309351444244385,0.12330379882040235,65.44,dust
dust_base-p=2.5,practice_reference_a.csv,2500,100,100,cosine,cosine,yes,True,,7.233023643493652e-05,0.11056951347882414,65.95,dust
dust_base-p=2.5,practice_reference_a.csv,2500,100,100,cosine,cosine,no,True,,0.001029372215270996,0.14850788888686708,65.95,dust
dust_base-p=2.5,practice_reference_a.csv,2500,100,100,cosine,cosine,mix,True,,0.001029372215270996,0.12394484838095485,65.95,dust
dust_base-p=3,practice_reference_a.csv,2500,100,100,cosine,cosine,yes,True,,7.233023643493652e-05,0.11377639351276056,65.9,dust
dust_base-p=3,practice_reference_a.csv,2500,100,100,cosine,cosine,no,True,,0.0009143948554992676,0.15456049662803634,65.9,dust
dust_base-p=3,practice_reference_a.csv,2500,100,100,cosine,cosine,mix,True,,0.0009143948554992676,0.128213538192014,65.9,dust
dust_base-p=3.5,practice_reference_a.csv,2500,100,100,cosine,cosine,yes,True,,7.233023643493652e-05,0.11715107827054819,66.72,dust
dust_base-p=3.5,practice_reference_a.csv,2500,100,100,cosine,cosine,no,True,,0.0005203187465667725,0.16113423004675295,66.72,dust
dust_base-p=3.5,practice_reference_a.csv,2500,100,100,cosine,cosine,mix,True,,0.0005203187465667725,0.13270559348833333,66.72,dust
dust_base-p=4,practice_reference_a.csv,2500,100,100,cosine,cosine,yes,True,,7.233023643493652e-05,0.11899933126337953,67.0,dust
dust_base-p=4,practice_reference_a.csv,2500,100,100,cosine,cosine,no,True,,0.0005203187465667725,0.16470047080230246,67.0,dust
dust_base-p=4,practice_reference_a.csv,2500,100,100,cosine,cosine,mix,True,,0.0005203187465667725,0.13516580984668408,67.0,dust
dust_base-p=4.5,practice_reference_a.csv,2500,100,100,cosine,cosine,yes,True,,7.233023643493652e-05,0.11759125621885239,66.95,dust
dust_base-p=4.5,practice_reference_a.csv,2500,100,100,cosine,cosine,no,True,,0.0005422234535217285,0.1622184440863467,66.95,dust
dust_base-p=4.5,practice_reference_a.csv,2500,100,100,cosine,cosine,mix,True,,0.0005422234535217285,0.13329151597470482,66.95,dust
dust_base-p=5,practice_reference_a.csv,2500,100,100,cosine,cosine,yes,True,,7.233023643493652e-05,0.11773993872123333,67.23,dust
dust_base-p=5,practice_reference_a.csv,2500,100,100,cosine,cosine,no,True,,0.0005422234535217285,0.16234637943399258,67.23,dust
dust_base-p=5,practice_reference_a.csv,2500,100,100,cosine,cosine,mix,True,,0.0005422234535217285,0.13348942780061657,67.23,dust
dust_base-p=1,practice_reference_b.csv,2500,100,100,cosine,cosine,yes,True,,2.3126602172851562e-05,0.12284405397532927,64.59,dust
dust_base-p=1,practice_reference_b.csv,2500,100,100,cosine,cosine,no,True,,0.0015281736850738525,0.15208752445006424,64.59,dust
dust_base-p=1,practice_reference_b.csv,2500,100,100,cosine,cosine,mix,True,,0.00024184584617614746,0.13745318041206026,64.59,dust
dust_base-p=1.5,practice_reference_b.csv,2500,100,100,cosine,cosine,yes,True,,2.3126602172851562e-05,0.13653636027136024,64.83,dust
dust_base-p=1.5,practice_reference_b.csv,2500,100,100,cosine,cosine,no,True,,0.001324087381362915,0.1716810812761862,64.83,dust
dust_base-p=1.5,practice_reference_b.csv,2500,100,100,cosine,cosine,mix,True,,0.001324087381362915,0.15567905969574028,64.83,dust
dust_base-p=2,practice_reference_b.csv,2500,100,100,cosine,cosine,yes,True,,2.3126602172851562e-05,0.13732748172749168,65.87,dust
dust_base-p=2,practice_reference_b.csv,2500,100,100,cosine,cosine,no,True,,0.0013430118560791016,0.1669696562826772,65.87,dust
dust_base-p=2,practice_reference_b.csv,2500,100,100,cosine,cosine,mix,True,,0.0013430118560791016,0.1567321243764771,65.87,dust
dust_base-p=2.5,practice_reference_b.csv,2500,100,100,cosine,cosine,yes,True,,2.3126602172851562e-05,0.1418893674808515,78.03,dust
dust_base-p=2.5,practice_reference_b.csv,2500,100,100,cosine,cosine,no,True,,0.0014757215976715088,0.1720252775529698,78.03,dust
dust_base-p=2.5,practice_reference_b.csv,2500,100,100,cosine,cosine,mix,True,,0.0014757215976715088,0.1628044672856317,78.03,dust
dust_base-p=3,practice_reference_b.csv,2500,100,100,cosine,cosine,yes,True,,2.3126602172851562e-05,0.14673684909887993,80.88,dust
dust_base-p=3,practice_reference_b.csv,2500,100,100,cosine,cosine,no,True,,0.0007677674293518066,0.17444715110568632,80.88,dust
dust_base-p=3,practice_reference_b.csv,2500,100,100,cosine,cosine,mix,True,,0.0007677674293518066,0.16925696790093372,80.88,dust
dust_base-p=3.5,practice_reference_b.csv,2500,100,100,cosine,cosine,yes,True,,2.3126602172851562e-05,0.1503554803707219,67.48,dust
dust_base-p=3.5,practice_reference_b.csv,2500,100,100,cosine,cosine,no,True,,0.0007677674293518066,0.17388160009304593,67.48,dust
dust_base-p=3.5,practice_reference_b.csv,2500,100,100,cosine,cosine,mix,True,,0.0007677674293518066,0.1740737412995729,67.48,dust
dust_base-p=4,practice_reference_b.csv,2500,100,100,cosine,cosine,yes,True,,2.3126602172851562e-05,0.1519431565202019,66.36,dust
dust_base-p=4,practice_reference_b.csv,2500,100,100,cosine,cosine,no,True,,0.0006665885448455811,0.17065308913765498,66.36,dust
dust_base-p=4,practice_reference_b.csv,2500,100,100,cosine,cosine,mix,True,,0.0006665885448455811,0.17618710286309475,66.36,dust
dust_base-p=4.5,practice_reference_b.csv,2500,100,100,cosine,cosine,yes,True,,2.3126602172851562e-05,0.15348146073557623,66.12,dust
dust_base-p=4.5,practice_reference_b.csv,2500,100,100,cosine,cosine,no,True,,0.0006665885448455811,0.17228050321258834,66.12,dust
dust_base-p=4.5,practice_reference_b.csv,2500,100,100,cosine,cosine,mix,True,,0.0006665885448455811,0.17823474526349267,66.12,dust
dust_base-p=5,practice_reference_b.csv,2500,100,100,cosine,cosine,yes,True,,2.3126602172851562e-05,0.15676960075437033,66.68,dust
dust_base-p=5,practice_reference_b.csv,2500,100,100,cosine,cosine,no,True,,0.0002288520336151123,0.17574183331855991,66.68,dust
dust_base-p=5,practice_reference_b.csv,2500,100,100,cosine,cosine,mix,True,,0.0002288520336151123,0.1826116005393457,66.68,dust
dust_base-p=1,stockport_contracts_b.csv,2500,100,100,cosine,cosine,yes,True,,0.0005750358104705811,0.24916323785866945,64.13,dust
dust_base-p=1,stockport_contracts_b.csv,2500,100,100,cosine,cosine,no,True,,0.009604454040527344,0.2901745370935455,64.13,dust
dust_base-p=1,stockport_contracts_b.csv,2500,100,100,cosine,cosine,mix,True,,0.0005750358104705811,0.2809112953825504,64.13,dust
dust_base-p=1.5,stockport_contracts_b.csv,2500,100,100,cosine,cosine,yes,True,,0.0009222626686096191,0.26996055319302814,64.92,dust
dust_base-p=1.5,stockport_contracts_b.csv,2500,100,100,cosine,cosine,no,True,,0.008077412843704224,0.2855177753147276,64.92,dust
dust_base-p=1.5,stockport_contracts_b.csv,2500,100,100,cosine,cosine,mix,True,,0.008077412843704224,0.3085946783359776,64.92,dust
dust_base-p=2,stockport_contracts_b.csv,2500,100,100,cosine,cosine,yes,True,,0.0009222626686096191,0.2755495420065255,65.09,dust
dust_base-p=2,stockport_contracts_b.csv,2500,100,100,cosine,cosine,no,True,,0.0062806010246276855,0.2684077162033072,65.09,dust
dust_base-p=2,stockport_contracts_b.csv,2500,100,100,cosine,cosine,mix,True,,0.0062806010246276855,0.3160342019071213,65.09,dust
dust_base-p=2.5,stockport_contracts_b.csv,2500,100,100,cosine,cosine,yes,True,,0.0009222626686096191,0.2823002277481596,65.03,dust
dust_base-p=2.5,stockport_contracts_b.csv,2500,100,100,cosine,cosine,no,True,,0.004331350326538086,0.2495018820850972,65.03,dust
dust_base-p=2.5,stockport_contracts_b.csv,2500,100,100,cosine,cosine,mix,True,,0.004331350326538086,0.32502006453310917,65.03,dust
dust_base-p=3,stockport_contracts_b.csv,2500,100,100,cosine,cosine,yes,True,,0.0009222626686096191,0.28874642955100305,65.58,dust
dust_base-p=3,stockport_contracts_b.csv,2500,100,100,cosine,cosine,no,True,,0.004331350326538086,0.24218464867170428,65.58,dust
dust_base-p=3,stockport_contracts_b.csv,2500,100,100,cosine,cosine,mix,True,,0.004331350326538086,0.33360062746799773,65.58,dust
dust_base-p=3.5,stockport_contracts_b.csv,2500,100,100,cosine,cosine,yes,True,,0.0009222626686096191,0.2923701113382632,65.51,dust
dust_base-p=3.5,stockport_contracts_b.csv,2500,100,100,cosine,cosine,no,True,,0.003455042839050293,0.24158178798074428,65.51,dust
dust_base-p=3.5,stockport_contracts_b.csv,2500,100,100,cosine,cosine,mix,True,,0.003455042839050293,0.33842412362629054,65.51,dust
dust_base-p=4,stockport_contracts_b.csv,2500,100,100,cosine,cosine,yes,True,,0.0009222626686096191,0.3015043025489686,65.82,dust
dust_base-p=4,stockport_contracts_b.csv,2500,100,100,cosine,cosine,no,True,,0.003455042839050293,0.2343866913363279,65.82,dust
dust_base-p=4,stockport_contracts_b.csv,2500,100,100,cosine,cosine,mix,True,,0.003455042839050293,0.3505826791509084,65.82,dust
dust_base-p=4.5,stockport_contracts_b.csv,2500,100,100,cosine,cosine,yes,True,,0.0009222626686096191,0.30396312246006923,66.19,dust
dust_base-p=4.5,stockport_contracts_b.csv,2500,100,100,cosine,cosine,no,True,,0.003455042839050293,0.23039656872658903,66.19,dust
dust_base-p=4.5,stockport_contracts_b.csv,2500,100,100,cosine,cosine,mix,True,,0.003455042839050293,0.3538556233804002,66.19,dust
dust_base-p=5,stockport_contracts_b.csv,2500,100,100,cosine,cosine,yes,True,,0.0009222626686096191,0.3045878429583446,66.87,dust
dust_base-p=5,stockport_contracts_b.csv,2500,100,100,cosine,cosine,no,True,,0.003455042839050293,0.21453586348754103,66.87,dust
dust_base-p=5,stockport_contracts_b.csv,2500,100,100,cosine,cosine,mix,True,,0.003455042839050293,0.35468719113395747,66.87,dust
dust_base-p=1,cdc_nutrition_physical_activity_and_obesity_legislation_a.csv,2500,100,100,cosine,cosine,yes,True,,0.00020056962966918945,0.1283265292897894,63.54,dust
dust_base-p=1,cdc_nutrition_physical_activity_and_obesity_legislation_a.csv,2500,100,100,cosine,cosine,no,True,,0.0019266903400421143,0.15230610671853576,63.54,dust
dust_base-p=1,cdc_nutrition_physical_activity_and_obesity_legislation_a.csv,2500,100,100,cosine,cosine,mix,True,,0.00027698278427124023,0.13908616199886603,63.54,dust
dust_base-p=1.5,cdc_nutrition_physical_activity_and_obesity_legislation_a.csv,2500,100,100,cosine,cosine,yes,True,,0.00020056962966918945,0.13311805704539237,64.5,dust
dust_base-p=1.5,cdc_nutrition_physical_activity_and_obesity_legislation_a.csv,2500,100,100,cosine,cosine,no,True,,0.001632779836654663,0.15340952748254605,64.5,dust
dust_base-p=1.5,cdc_nutrition_physical_activity_and_obesity_legislation_a.csv,2500,100,100,cosine,cosine,mix,True,,0.001632779836654663,0.14546418222204321,64.5,dust
dust_base-p=2,cdc_nutrition_physical_activity_and_obesity_legislation_a.csv,2500,100,100,cosine,cosine,yes,True,,0.00020056962966918945,0.13875237914506022,64.43,dust
dust_base-p=2,cdc_nutrition_physical_activity_and_obesity_legislation_a.csv,2500,100,100,cosine,cosine,no,True,,0.0013213753700256348,0.15623626656404044,64.43,dust
dust_base-p=2,cdc_nutrition_physical_activity_and_obesity_legislation_a.csv,2500,100,100,cosine,cosine,mix,True,,0.0013213753700256348,0.1529640490971864,64.43,dust
dust_base-p=2.5,cdc_nutrition_physical_activity_and_obesity_legislation_a.csv,2500,100,100,cosine,cosine,yes,True,,0.00020056962966918945,0.14305578321219806,64.23,dust
dust_base-p=2.5,cdc_nutrition_physical_activity_and_obesity_legislation_a.csv,2500,100,100,cosine,cosine,no,True,,0.0006790757179260254,0.1517720961569799,64.23,dust
dust_base-p=2.5,cdc_nutrition_physical_activity_and_obesity_legislation_a.csv,2500,100,100,cosine,cosine,mix,True,,0.0006790757179260254,0.15869232608287487,64.23,dust
dust_base-p=3,cdc_nutrition_physical_activity_and_obesity_legislation_a.csv,2500,100,100,cosine,cosine,yes,True,,0.00020056962966918945,0.14288473471602536,65.79,dust
dust_base-p=3,cdc_nutrition_physical_activity_and_obesity_legislation_a.csv,2500,100,100,cosine,cosine,no,True,,0.0002683699131011963,0.14196266668180188,65.79,dust
dust_base-p=3,cdc_nutrition_physical_activity_and_obesity_legislation_a.csv,2500,100,100,cosine,cosine,mix,True,,0.0002683699131011963,0.158464642800344,65.79,dust
dust_base-p=3.5,cdc_nutrition_physical_activity_and_obesity_legislation_a.csv,2500,100,100,cosine,cosine,yes,True,,0.00020056962966918945,0.14497094944506725,65.17,dust
dust_base-p=3.5,cdc_nutrition_physical_activity_and_obesity_legislation_a.csv,2500,100,100,cosine,cosine,no,True,,0.0006790757179260254,0.14348394869120598,65.17,dust
dust_base-p=3.5,cdc_nutrition_physical_activity_and_obesity_legislation_a.csv,2500,100,100,cosine,cosine,mix,True,,0.0006790757179260254,0.1612416109012091,65.17,dust
dust_base-p=4,cdc_nutrition_physical_activity_and_obesity_legislation_a.csv,2500,100,100,cosine,cosine,yes,True,,0.00020056962966918945,0.1430867818361745,65.91,dust
dust_base-p=4,cdc_nutrition_physical_activity_and_obesity_legislation_a.csv,2500,100,100,cosine,cosine,no,True,,0.0007438957691192627,0.12277439988386991,65.91,dust
dust_base-p=4,cdc_nutrition_physical_activity_and_obesity_legislation_a.csv,2500,100,100,cosine,cosine,mix,True,,0.0007438957691192627,0.15873358846529165,65.91,dust
dust_base-p=4.5,cdc_nutrition_physical_activity_and_obesity_legislation_a.csv,2500,100,100,cosine,cosine,yes,True,,0.00020056962966918945,0.14434276394983028,65.97,dust
dust_base-p=4.5,cdc_nutrition_physical_activity_and_obesity_legislation_a.csv,2500,100,100,cosine,cosine,no,True,,0.0006493628025054932,0.11718644878036234,65.97,dust
dust_base-p=4.5,cdc_nutrition_physical_activity_and_obesity_legislation_a.csv,2500,100,100,cosine,cosine,mix,True,,0.0006493628025054932,0.16040543087744885,65.97,dust
dust_base-p=5,cdc_nutrition_physical_activity_and_obesity_legislation_a.csv,2500,100,100,cosine,cosine,yes,True,,0.00020056962966918945,0.1444256555978191,66.38,dust
dust_base-p=5,cdc_nutrition_physical_activity_and_obesity_legislation_a.csv,2500,100,100,cosine,cosine,no,True,,0.0006493628025054932,0.11482268778672512,66.38,dust
dust_base-p=5,cdc_nutrition_physical_activity_and_obesity_legislation_a.csv,2500,100,100,cosine,cosine,mix,True,,0.0006493628025054932,0.16051576825503935,66.38,dust
